id,actor_name
0,CCH Pounder
1,Johnny Depp
2,Christoph Waltz
3,Tom Hardy
4,Doug Walker
5,Daryl Sabara
6,J.K. Simmons
7,Brad Garrett
8,Chris Hemsworth
9,Alan Rickman
10,Henry Cavill
11,Kevin Spacey
12,Giancarlo Giannini
16,Peter Dinklage
19,Will Smith
20,Aidan Turner
21,Emma Stone
22,Mark Addy
24,Christopher Lee
25,Naomi Watts
26,Leonardo DiCaprio
27,Robert Downey Jr.
28,Liam Neeson
29,Bryce Dallas Howard
30,Albert Finney
34,Hugh Jackman
35,Steve Buscemi
36,Glenn Morshower
37,Bingbing Li
38,Tim Holmes
40,Jeff Bridges
41,Joe Mantegna
42,Ryan Reynolds
43,Tom Hanks
44,Christian Bale
45,Jason Statham
46,Peter Capaldi
47,Jennifer Lawrence
48,Benedict Cumberbatch
49,Eddie Marsan
51,Jake Gyllenhaal
52,Charlie Hunnam
54,Harrison Ford
55,A.J. Buckley
56,Kelly Macdonald
57,Sofia Boutella
58,John Ratzenberger
59,Tzi Ma
60,Oliver Platt
61,Robin Wright
62,Channing Tatum
64,Jim Broadbent
68,Amy Poehler
70,Chloë Grace Moretz
72,Jet Li
74,Jimmy Bennett
75,Tom Cruise
76,Jeanne Tripplehorn
77,Joseph Gordon-Levitt
79,Scarlett Johansson
82,Angelina Jolie Pitt
83,Gary Oldman
84,Tamsin Egerton
85,Keanu Reeves
87,Jon Hamm
88,Judy Greer
89,Damon Wayans Jr.
90,Jack McBrayer
92,Vivica A. Fox
93,Gerard Butler
94,Nick Stahl
95,Bradley Cooper
96,Matthew McConaughey
98,Mark Chinnery
100,Paul Walker
101,Brad Pitt
104,Nicolas Cage
107,Justin Timberlake
108,Dominic Cooper
110,Bruce Spence
111,Jennifer Garner
112,Zack Ward
113,Anthony Hopkins
114,Robert Pattinson
119,Janeane Garofalo
121,Bernie Mac
122,Robin Williams
124,Essie Davis
125,Josh Gad
126,Steve Bastoni
132,Kelli Garner
138,Matthew Broderick
140,Seychelle Gabriel
141,Philip Seymour Hoffman
143,Elisabeth Harnois
146,Ty Burrell
148,Jada Pinkett Smith
149,Toby Stephens
150,Ed Begley Jr.
151,Bruce Willis
157,John Michael Higgins
164,Sam Shepard
165,Matt Frewer
167,Kevin Rankin
171,Chris Evans
172,Colin Salmon
173,James D'Arcy
177,Don Johnson
178,Mark Rylance
183,Matt Damon
188,Jim Parsons
191,Salma Hayek
194,Toby Jones
195,Daniel Radcliffe
198,Alfre Woodard
199,Rupert Grint
209,Miguel Ferrer
214,Ronny Cox
215,Tony Curran
216,Jeremy Renner
217,Michael Gough
218,Clint Howard
221,Karen Allen
223,Suraj Sharma
226,Demi Moore
227,Michael Fassbender
228,Nathan Lane
230,Vin Diesel
232,Scott Porter
233,Shelley Conn
235,Morgan Freeman
236,Natalie Portman
242,Alain Delon
245,Noel Fisher
246,Phaldut Sharma
247,Jamie Renée Smith
248,Stephen Amell
249,Tim Blake Nelson
251,Dwayne Johnson
252,Vincent Schiavelli
253,Heath Ledger
256,Kate Winslet
258,James Corden
260,George Peppard
261,Eva Green
262,Mahadeo Shivraj
266,Jacob Tremblay
267,Jason Patric
273,Sean Hayes
276,Chazz Palminteri
277,Oprah Winfrey
279,Mathew Buck
281,Del Zamora
283,Djimon Hounsou
287,Cary-Hiroyuki Tagawa
288,Joe Morton
290,Denzel Washington
291,Jamie Lee Curtis
293,Robert De Niro
295,Vanessa Williams
298,Eartha Kitt
302,Catherine O'Hara
304,Josh Hutcherson
310,Jake Busey
312,Abbie Cornish
313,Frances Conroy
316,Will Ferrell
318,Ray Winstone
319,Jamie Kennedy
321,Rosario Dawson
323,Francesca Capaldi
324,Ben Gazzara
329,Jon Lovitz
330,Ioan Gruffudd
332,Milla Jovovich
333,Chris Noth
334,Frank Welker
336,Hayley Atwell
337,Michael Imperioli
338,Alexander Gould
339,Orlando Bloom
344,Michael Jeter
345,James Franco
346,Martin Short
348,Dennis Quaid
349,Holly Hunter
350,Christopher Masterson
351,Logan Lerman
355,Mei Melançon
357,Will Forte
358,Denis Leary
359,Adam Scott
360,Bill Murray
362,Ming-Na Wen
368,Leonard Nimoy
369,Bella Thorne
371,Adam Sandler
373,Haley Joel Osment
374,Marsha Thomason
376,Greg Grunberg
377,Curtiss Cook
381,Alun Armstrong
383,Don Cheadle
384,Anne Hathaway
390,William Smith
391,Paddy Considine
392,Shirley Henderson
403,Jeff Bennett
404,Caroline Dhavernas
410,Meryl Streep
411,Al Pacino
412,Jon Favreau
414,Bob Hoskins
416,F. Murray Abraham
417,Li Gong
418,Amber Stevens West
421,Raymond Cruz
422,Roy Scheider
423,Julia Roberts
424,Anna Kendrick
426,Larry Miller
427,Sarah Michelle Gellar
428,Wood Harris
430,Ted Danson
432,Kristen Stewart
433,Seth MacFarlane
435,Robert Duvall
443,Tia Carrere
459,Elden Henson
467,Roger Rees
477,Vanessa Redgrave
479,Elizabeth Montgomery
480,Quincy Jones
482,Charlize Theron
484,Michael Emerson
489,Nissim Renard
492,Bruce Greenwood
493,Sylvester Stallone
494,Charlie Rowe
495,Richard Tyson
496,Brendan Fraser
497,Fergie
499,Olivia Williams
500,Adam Goldberg
502,Bob Neill
503,Mia Farrow
504,"Pedro Armendáriz Jr."
505,David Oyelowo
506,Sasha Roiz
507,Sariann Monaco
519,Steve Coogan
520,Jason Flemyng
521,Steve Carell
523,Ariana Richards
531,Jerry Stiller
537,Harold Perrineau
539,Nicholas Lea
542,Loretta Devine
543,Adam Arkin
545,Ayelet Zurer
547,Tom Selleck
552,Julia Ormond
553,Bai Ling
558,Connie Nielsen
559,Christopher Meloni
566,Peter Coyote
572,Raven-Symoné
573,Mhairi Calvey
575,Albert Brooks
576,Martin Landau
578,David Gant
581,Rory Culkin
582,Rupert Everett
586,Tim Conway
587,Lili Taylor
593,Nicole Beharie
596,Sanaa Lathan
600,LeVar Burton
603,David Hyde Pierce
604,Jeremy Irvine
606,Michael Biehn
607,Frank Langella
615,Gary Cole
616,Theo James
617,James Martin Kelly
620,LL Cool J
621,Talisa Soto
623,Ron Howard
624,Lea Michele
627,Charlotte Rampling
629,Roxanne McKee
634,Vincent Pastore
636,Max Minghella
638,Jenna Fischer
640,Michael Raymond-James
643,Rufus Sewell
644,Will Patton
645,Hector Elizondo
647,Colin Firth
649,Rami Malek
651,Goran Visnjic
657,Judge Reinhold
663,Finn Wittrock
664,Clint Eastwood
666,Delroy Lindo
670,Sayed Badreya
672,Quvenzhané Wallis
676,Lea Thompson
677,Maura Tierney
680,Melina Kanakaredes
681,Pamela Reed
687,Michael Rapaport
688,Caitlin Stasey
689,Ian McNeice
693,Michael Kelly
694,Michael Smiley
695,Verne Troyer
697,Wayne Knight
700,Si Won Choi
703,Shawna Waldron
706,Craig Stark
711,Eric Dane
713,Jill Hennessy
715,Patrick Fugit
717,Izabella Scorupco
718,Daniel von Bargen
719,Natascha McElhone
721,Anjelica Huston
723,Carol Ann Susi
725,Dorian Missick
729,Taylor Lautner
730,Ki Hong Lee
738,Billy Burke
741,Misha Gabriel Hamilton
743,Estella Warren
744,Jennifer Saunders
745,Zooey Deschanel
748,Snoop Dogg
749,Jim Belushi
750,James Babson
754,Ivana Milicevic
756,Emma Watson
757,Bianca Kajlich
758,Romany Malco
759,Peter Greene
760,Colm Feore
763,Gary Dourdan
764,Tate Donovan
765,Isaac Hempstead Wright
768,Eileen Brennan
770,Ryan Gosling
771,Olivia Wilde
775,Steven Anthony Lawrence
776,Blair Brown
779,Cedric the Entertainer
781,Bojana Novakovic
782,John Kapelos
790,Sunny Mabrey
791,Josh Wingate
793,Sean Pertwee
798,Clifton Collins Jr.
799,Robert Forster
800,Matt Bomer
802,Marc Blucas
803,Dougray Scott
813,Kelly Preston
815,Odeya Rush
816,Nate Richert
817,Jon Heder
818,Taylor Negron
820,Robert Baker
833,Barry Corbin
837,Jesse McCartney
840,Marlon Brando
844,Alyson Hannigan
846,Mila Kunis
847,Eric Idle
852,Erika Christensen
855,David Carradine
857,Christopher Judge
861,Xander Berkeley
863,Madeline Carroll
866,Charles S. Dutton
867,Andrea Corr
869,Tom Wilkinson
870,Julie Walters
881,Eddie Redmayne
883,Billy Campbell
885,Stephen Root
887,Sophia Myles
889,Denis Lavant
890,James Mason
892,Norman Reedus
897,Todd Stashwick
898,Margot Kidder
899,Todd Giebenhain
902,Kirsten Dunst
908,Quentin Tarantino
912,Jennifer Ehle
916,Alice Greczyn
919,Matt Price
921,Kasia Smutniak
922,Jaime King
924,Rob Paulsen
927,Kathleen Freeman
932,Lupe Ontiveros
936,Joel Courtney
947,Bill Duke
948,Dylan Walsh
961,Fann Wong
962,Bernard Hill
964,Scoot McNairy
967,Olivier Martinez
968,Alex Pettyfer
974,Viggo Mortensen
975,Deborah Kara Unger
976,Radha Mitchell
980,Matt Walsh
981,Louis Lombardi
984,Armin Mueller-Stahl
988,Mike Starr
991,Amber Valletta
992,Shô Kosugi
994,David Jason
999,Muse Watson
1002,J.D. Evermore
1007,Grey Damon
1012,Christina Milian
1016,Paul Brooke
1019,Mia Kirshner
1023,Julie Benz
1024,Ian Ziering
1027,Alden Ehrenreich
1033,Chris Klein
1035,Tobias Menzies
1036,Lauren Holly
1038,Michael O'Neill
1044,P.J. Soles
1047,Corinna Harney
1056,Nandita Das
1057,Charlie Korsmo
1058,Mark Margolis
1059,Rosie Perez
1061,Donatas Banionis
1071,Joseph Gilgun
1072,Laurence Olivier
1073,Jonathan Winters
1075,Regina Hall
1076,Candice Bergen
1080,Bradley Whitford
1087,Natasha Lyonne
1088,Bill Cobbs
1091,Sydney Pollack
1093,Adam Garcia
1099,Lucille Ball
1102,Dania Ramirez
1108,"Demián Bichir"
1109,Richard Burgi
1110,Kevin McNally
1112,Virginia Madsen
1113,Jim Sturgess
1117,Alexa PenaVega
1118,John de Lancie
1119,Malese Jow
1120,Costas Mandylor
1132,Marcela Mar
1133,Pierre Perrier
1134,Sam Waterston
1135,Daniel Kaluuya
1137,Clea DuVall
1143,Mel Blanc
1150,Judith Chapman
1152,Augustus Prew
1156,Imelda Staunton
1158,John Witherspoon
1164,Debra Messing
1165,Bono
1166,Robert Davi
1172,Fisher Stevens
1174,Tony Cox
1176,Omar Sy
1177,Mekhi Phifer
1178,Jamel Debbouze
1180,Julian Sands
1182,Robert Clohessy
1183,Joel McHale
1184,Martin Kove
1193,Tom Welling
1194,Jerry Ferrara
1196,Javier Botet
1197,Andrew Garfield
1198,Carmen Perez
1199,Beau Mirchoff
1200,Kelly Rutherford
1210,Olivia Munn
1211,Wes Studi
1212,Bokeem Woodbine
1216,Jason Alexander
1217,Sally Kirkland
1221,Matthew Perry
1223,Krista Allen
1225,Joaquim de Almeida
1226,Pink
1227,Lisa Ann Walter
1229,Michael Jai White
1236,Rudy Youngblood
1237,Joe Don Baker
1238,Topher Grace
1239,Brian Dennehy
1242,Gena Rowlands
1244,Busy Philipps
1245,Johnny Cannizzaro
1249,Lorraine Bracco
1250,Sam Trammell
1251,Macaulay Culkin
1254,Bobby Lee
1255,Miriam Margolyes
1256,Alison Brie
1258,Michael Wincott
1259,James Wilcox
1261,Emma Bell
1264,Jimmy Fallon
1265,Bruce Dinsmore
1270,Noah Bean
1271,50 Cent
1275,Oliver Hudson
1277,Catherine Deneuve
1280,Stephen Rea
1283,Jordi Mollà
1286,Mira Sorvino
1287,Dane Cook
1289,Bobbie Phillips
1294,Carol Kane
1297,Richard Epcar
1298,Mathieu Kassovitz
1299,Mary-Kate Olsen
1300,Omar Epps
1306,Justin Theroux
1308,M. Emmet Walsh
1313,Bridgette Wilson-Sampras
1315,John Gatins
1319,Sarah Roemer
1321,James Brolin
1322,Jennifer Jason Leigh
1324,Jay Hernandez
1329,Tamannaah Bhatia
1330,Arliss Howard
1331,Colin Ferguson
1334,Adam Baldwin
1338,Takeshi Kaneshiro
1339,Ethan Embry
1341,Austin Pendleton
1344,Tony Chiu Wai Leung
1347,Blythe Auffarth
1350,Sarah Silverman
1351,D.B. Woodside
1352,Sonia Braga
1356,Beth Grant
1357,Mo'Nique
1359,Wilford Brimley
1361,Gregory Scott Cummins
1362,Tom Skerritt
1364,Mike Howard
1365,Hayden Christensen
1374,Patton Oswalt
1381,Laura-Leigh
1382,Yuliya Snigir
1383,Kathleen Quinlan
1384,Bernie Casey
1385,Charlie McDermott
1391,Rick Yune
1393,Blair Underwood
1394,Stockard Channing
1395,Cheryl Hines
1398,Mike Tyson
1402,Rene Russo
1403,Catherine Dyer
1404,Jon Foo
1413,Amy Schumer
1417,Michael Angarano
1419,Natasha Henstridge
1421,Dylan Baker
1423,Scott Glenn
1430,Charlyne Yi
1432,Craig Parker
1438,Heather O'Rourke
1442,Danneel Ackles
1443,Ashley Williams
1444,Jodi Lyn O'Keefe
1446,Tatum O'Neal
1448,Emilia Fox
1450,Keisha Castle-Hughes
1451,Robert Ri'chard
1455,Aaliyah
1459,Brian Blessed
1461,Cicely Tyson
1464,Daniel Mays
1465,Frank Whaley
1466,Mitch Pileggi
1469,Ken Arnold
1472,Drake Bell
1473,Alona Tal
1474,Shannon Elizabeth
1476,Jim Gaffigan
1481,Alex Russell
1484,Rosanna Arquette
1485,Tim Meadows
1487,Gregory Smith
1488,Michiel Huisman
1491,Paul Sorvino
1492,Mireille Enos
1495,Kevin Zegers
1497,Marley Shelton
1498,Archie Panjabi
1499,Ruth Wilson
1504,Oliver Reed
1506,Jeremy W. Auman
1507,Maricel Álvarez
1513,Richard E. Grant
1515,David Paymer
1517,Rumi Hiiragi
1518,Tiago Riani
1520,Liam Aiken
1522,Terry Pheto
1526,Nia Long
1527,Kyle Hebert
1529,Ryan Guzman
1530,Lin Shaye
1532,Laura Harring
1537,Ryan Kruger
1542,James Coburn
1544,Ana de la Reguera
1545,Matt Lucas
1551,Brandon T. Jackson
1553,Illeana Douglas
1555,Callum Rennie
1557,Ken Howard
1561,Frances Fisher
1563,Alice Braga
1567,George Kennedy
1570,Joan Plowright
1572,Rob Riggle
1573,Alicia Witt
1577,Desmond Llewelyn
1601,Sharlto Copley
1603,John Doman
1608,Emily Osment
1609,Elizabeth Daily
1610,George Carlin
1613,Hope Davis
1614,Cory Hardrict
1620,Zach Gilford
1621,Josh Charles
1622,Tina Fey
1625,Antony Starr
1627,Kurt Fuller
1632,Brenda Song
1634,Patrick Macnee
1635,Mark Gatiss
1641,Kate Upton
1643,Mehcad Brooks
1644,Edgar Arreola
1649,Alyson Stoner
1650,Faizon Love
1652,Danny Huston
1654,Carmen Electra
1656,Yaphet Kotto
1658,Jessica Barden
1660,Brian Thompson
1664,Debi Mazar
1669,Devin Ratray
1670,Craig Ferguson
1672,Warren Beatty
1673,Tika Sumpter
1676,Rainn Wilson
1692,Sarah Polley
1695,Eddie Cibrian
1697,Jessica Paré
1698,Grace Phipps
1700,Saffron Burrows
1702,Ian Whyte
1705,Annabella Sciorra
1710,Ólafur Darri Ólafsson
1712,Tyler Labine
1717,Emir Kusturica
1719,Emily Watson
1720,Dong-gun Jang
1721,Steve Howey
1724,Louise Bourgoin
1730,Paz Vega
1731,Konstantin Khabenskiy
1735,Sandra Ellis Lafferty
1736,Amanda Schull
1737,Lisa Edelstein
1740,Dick Clark
1748,Aldis Hodge
1755,Joe Lo Truglio
1758,Eddie Cahill
1761,Shun Oguri
1765,Julian Glover
1766,Lilli Lavine
1767,Mia Sara
1769,David Lyons
1770,Vinessa Shaw
1771,Zoë Kravitz
1772,Elizabeth McGovern
1776,Talulah Riley
1781,Philip Baker Hall
1782,Jacques Perrin
1783,Samaire Armstrong
1784,Scott Grimes
1786,Mara Wilson
1788,Dominic Flores
1789,Matt Smith
1790,Tenzin Thuthob Tsarong
1795,Louis Jourdan
1796,Harold Ramis
1799,Richard Wilson
1800,Phil Davis
1804,Ellen Burstyn
1807,John Belushi
1808,America Ferrera
1809,Dolly Parton
1810,Sharon Small
1815,Gerald McRaney
1818,Jackie Gleason
1819,Piper Laurie
1822,Harry Lennix
1826,Meat Loaf
1831,Kim-Marie Woodhouse
1832,Erick Avari
1842,Rob McElhenney
1843,Ryan O'Neal
1844,Robert Pine
1845,Sarah Carter
1853,Daniel Roebuck
1856,Pam Ferris
1857,Rip Torn
1858,Christopher Lambert
1860,David Conrad
1861,Woody Allen
1863,Paul Hogan
1866,Christo Jivkov
1872,Luke Bracey
1879,Katharine Isabelle
1880,Cara Delevingne
1882,Mike Vogel
1883,Kevin Nash
1886,Bruce McGill
1888,Lena Olin
1889,Mary Lynn Rajskub
1890,Bailee Madison
1894,Lee Remick
1895,Chelan Simmons
1896,Blythe Danner
1902,Darcy Donavan
1910,Heather Locklear
1911,Jim Meskimen
1914,Dave Chappelle
1922,Nicki Aycox
1927,Lily Atkinson
1928,Nicholas Gonzalez
1931,Fanny Ardant
1932,Alexis Arquette
1933,Joseph Cotten
1935,Ari Graynor
1938,Jere Burns
1942,Connie Ray
1943,Aimee Garcia
1947,Justin Fletcher
1954,Claudia Christian
1955,Tyler James Williams
1956,Dianne Wiest
1958,Stephen Dillane
1960,Laura Ramsey
1961,Mark Valley
1962,Frank Grillo
1963,Chris Marquette
1965,Martin Starr
1967,Sissy Spacek
1968,Chris Zylka
1971,Frank Finlay
1975,Marco Treviño
1976,Victor Wong
1977,Dany Boon
1980,Tom Berenger
1983,John Doe
1984,Kyra Sedgwick
1986,Alexander Skarsgård
1988,Brian Bosworth
1990,Tanya Roberts
1991,Cheech Marin
1996,Donald Faison
1997,Don McKellar
2001,Dallas Barnett
2003,Zoe Kazan
2007,François Cluzet
2008,Scout Taylor-Compton
2009,Yolande Moreau
2010,Sergey Garmash
2013,Rod Steiger
2014,Siu-Wong Fan
2029,Minnie Driver
2030,Gerry Bednob
2037,Lena Horne
2039,Willie Garson
2044,Donald Pleasence
2064,Seymour Cassel
2066,Judith Barsi
2068,Tasha Smith
2072,Alessandro Nivola
2074,Tom Burke
2075,Cole Hauser
2076,Romola Garai
2077,Bingbing Fan
2078,Drew Powell
2079,Joan Rivers
2080,Cem Yilmaz
2089,Manish Dayal
2092,Roma Downey
2094,Denis O'Hare
2097,Carlos Ponce
2098,Jack Reynor
2100,Radivoje Bukvic
2101,Amanda Detmer
2102,Zachary Gordon
2114,Rock Hudson
2116,Ed Skrein
2119,Gary Lewis
2125,Romain Duris
2130,Pablo Rago
2131,Ornella Muti
2135,Paige Turco
2138,Hunter Parrish
2139,Omari Hardwick
2142,Jason London
2143,Chris Harrison
2148,Elaine Hendrix
2154,Bob Balaban
2155,Ian Somerhalder
2156,Dean Stockwell
2157,Angus T. Jones
2160,Bam Margera
2163,Mackenzie Foy
2167,Miranda Cosgrove
2171,Shailene Woodley
2175,Leonard Roberts
2178,Sam Claflin
2179,John Amos
2186,Barry Watson
2188,Kath Soucie
2191,Lamman Rucker
2194,Billy Crudup
2197,Richard Lawson
2201,Violante Placido
2202,Jon Seda
2203,Diedrich Bader
2207,Jeremy Shada
2208,Gunnar Hansen
2209,William McNamara
2210,Marisa Saks
2213,Peter Firth
2214,Isaiah Washington
2217,Sela Ward
2220,Johnny Lewis
2227,Kay Panabaker
2228,Jay Laga'aia
2230,Leighton Meester
2233,Kevin Sussman
2237,Kurtwood Smith
2238,Samira Wiley
2240,Sheryl Lee
2241,Pablo Sevilla
2242,Janet Leigh
2246,Mako
2256,Shengyi Huang
2257,Leah Remini
2259,Mustafa Haidari
2263,Thomas Lennon
2264,Andy Dick
2265,Ronald Reagan
2269,Andrew Fiscella
2276,James Callis
2280,Aasif Mandvi
2281,Taylor Cole
2284,Quinton Aaron
2293,Aisha Tyler
2295,Scott Baio
2298,Debbie Reynolds
2299,Sammy Davis Jr.
2300,Martin Dew
2302,Chris Brown
2304,Chriss Anglin
2307,Kevin Alejandro
2313,Catherine Lough Haggquist
2315,Cameron Bright
2317,Landon Liboiron
2318,Dylan Authors
2324,Isabelle Adjani
2325,Steve Guttenberg
2327,Donny Boaz
2328,Damon Wayans
2334,William Hootkins
2337,Esai Morales
2338,Jiao Xu
2339,Christian Clavier
2340,Marco St. John
2342,Peter Vaughan
2345,Necar Zadegan
2346,Andy Lau
2349,Mani Bharathi
2350,Joey D. Vieira
2355,Moritz Bleibtreu
2356,Mary McDonnell
2359,Dan Byrd
2360,David Arquette
2362,Scatman Crothers
2364,Jeffrey Combs
2365,Eric Mendenhall
2366,Kari J. Kramer
2368,Taran Killam
2369,Mem Ferda
2370,Nicole 'Snooki' Polizzi
2373,Bunta Sugawara
2377,Katrina Bowden
2382,Darci Kistler
2387,Tony Nappo
2388,Louis Koo
2391,Craig Roberts
2394,Luenell
2395,Linda Cardellini
2400,Craig T. Nelson
2404,Nia Vardalos
2406,Shane Black
2407,Jeffrey Jones
2410,Raoul Bova
2411,Kristin Scott Thomas
2412,Peter Gallagher
2415,Sally Hawkins
2416,Christian Clemenson
2417,Christian Monzon
2419,Hulk Hogan
2422,Bob Newhart
2423,Collette Wolfe
2427,Nicholas Rowe
2428,Kelsey Grammer
2436,Alan Ruck
2438,Jason Robards
2440,Nancy Allen
2441,Rebecca Budig
2442,Joan Allen
2443,Yaya DaCosta
2446,David Margulies
2447,Ian McDiarmid
2448,David Masterson
2451,Tadanobu Asano
2453,Barry Bostwick
2454,Julie Christie
2459,Poppy Montgomery
2460,Ulrich Tukur
2464,James Hetfield
2465,Austin Nichols
2466,Edgar Ramírez
2467,Takuya Kimura
2469,Greg Nicotero
2473,Ernie Reyes Jr.
2476,Vanessa Ferlito
2477,Jason Momoa
2478,Cassie Ventura
2481,Henry Ian Cusick
2482,Jennifer Hudson
2484,Kirk Fox
2485,Fionnula Flanagan
2487,Jeremy Brett
2491,Chris Moss
2498,Emmanuelle Vaugier
2503,Kevin Grevioux
2504,Morgan Saylor
2506,T.I.
2511,Thomas F. Wilson
2514,Ava Gardner
2515,Lou Taylor Pucci
2519,DeRay Davis
2521,Aidan Quinn
2524,Tippi Hedren
2525,Brenda Fricker
2530,Julianna Guill
2534,Hal Holbrook
2537,Danny Strong
2541,Bruno Kirby
2543,Ethan Suplee
2545,Bérénice Bejo
2549,Clive Russell
2550,Jennifer Esposito
2551,Ivana Baquero
2553,Leslie Bibb
2556,Brittany Daniel
2557,Bolo Yeung
2558,Bill Bailey
2561,Gustaf Skarsgård
2573,Gretchen Mol
2574,Farrah Fawcett
2576,Lochlyn Munro
2580,Alison Lohman
2581,Charles Napier
2588,Paz de la Huerta
2594,Steven Van Zandt
2595,David Alpay
2596,Bruce Dern
2598,Carole Bouquet
2599,Dustin Milligan
2605,Chen Chang
2609,Bex Taylor-Klaus
2612,Nicole Dionne
2620,Beverly D'Angelo
2621,Jackson Nicoll
2622,Roger Allam
2628,Frankie Muniz
2631,Clayton Snyder
2634,Jordana Brewster
2635,Rae'Ven Kelly
2644,Claude Rains
2647,Tony Goldwyn
2648,Jack Davenport
2657,Jessie T. Usher
2662,Kim Director
2663,Christine Taylor
2665,Sierra McCormick
2668,Kieran Culkin
2670,Jeff Kober
2672,William Hurt
2673,Kelly Carlson
2679,Jason Priestley
2685,Yuri Lowenthal
2690,Daniel Stern
2696,Trevor Morgan
2701,Oliver James
2702,David Ogden Stiers
2705,Khandi Alexander
2712,Elizabeth Berrington
2717,Larry David
2718,Matthew Settle
2719,Levon Helm
2727,Anna Silk
2728,Thomas Kretschmann
2729,Curtis Armstrong
2732,Thomas Stroppel
2734,Brigitte Helm
2735,David Belle
2737,Qi Shu
2739,Konstantin Lavronenko
2740,Nirut Sirichanya
2742,Christopher Heyerdahl
2746,Eddie Izzard
2747,Stephen Graham
2748,Anna Friel
2750,Birgitte Hjort Sørensen
2751,Bruce Payne
2752,Maximilian Dirr
2754,Samantha Morton
2759,Sharon Leal
2762,Anil Kapoor
2763,Fred Gwynne
2767,María Valverde
2769,Doug E. Doug
2770,Jensen Ackles
2774,Caroline Munro
2775,Amy Bruni
2782,Phil Vischer
2783,Janet Jackson
2784,Mike Epps
2786,Linda Blair
2792,Lily Tomlin
2797,Peter Mensah
2800,Monica Potter
2801,Thomas McDonell
2802,Emmanuelle Seigner
2806,Derek Luke
2807,Melissa Sagemiller
2808,Seth Gilliam
2811,Lesley Manville
2812,Mathieu Amalric
2813,Sebastian Koch
2814,Woo-sung Jung
2815,John Heard
2824,Krystyna Janda
2828,Jacek Koman
2830,Belén Rueda
2833,Jason Mewes
2834,Usher Raymond
2838,Sean Patrick Thomas
2839,Tuesday Knight
2842,Jack Palance
2848,Óscar Jaenada
2850,Chris Elliott
2852,Kathleen Turner
2855,Jenny Agutter
2858,Elina Alminas
2861,Teo Halm
2863,Yuki Matsuzaki
2867,Don Rickles
2870,Michael Nyqvist
2875,Justin Chon
2885,Burt Young
2889,John Boyega
2890,Jelena Jovanova
2893,Steve Irwin
2894,Dameon Clarke
2895,Rae Dawn Chong
2897,Gabriel Millman
2903,Julian Morris
2904,David Niven
2906,Richard Johnson
2909,Isabella Rossellini
2914,Min-sik Choi
2924,Sean Young
2927,Alex Veadov
2934,Shelley Duvall
2935,Britney Spears
2936,Dax Flame
2937,George C. Scott
2943,Steven Mackintosh
2946,Lexie Contursi
2950,Talia Shire
2956,Tammin Sursok
2957,Nat Wolff
2966,Common
2970,Jürgen Prochnow
2972,Heather Matarazzo
2973,Tom Hughes
2975,Nate Parker
2976,Gary Weeks
2981,Melanie Griffith
2982,Jill Clayburgh
2983,Anika Noni Rose
2988,Doona Bae
2990,Jeremy Davies
2992,Toni Servillo
2994,Mia Wasikowska
2996,David Richmond-Peck
2997,Eamonn Walker
3002,Eva Amurri Martino
3005,Marcell Nagy
3007,Honglei Sun
3008,David Hewlett
3009,Ye Liu
3013,Richard Coyle
3014,Rachael Carpani
3016,Jacob Vargas
3018,Gary Daniels
3019,Miko Hughes
3020,Tatsuo Matsumura
3022,Wei Tang
3023,Phoebe Cates
3027,Wagner Moura
3028,Lucas Grabeel
3033,Zoe Ventoura
3034,Corbin Bernsen
3035,Lily Cole
3037,Lauren German
3038,Lois Smith
3041,Madeline Kahn
3044,Steven Bauer
3046,Louise Fletcher
3049,Lee Majors
3051,Luke Newberry
3056,Patricia Tallman
3061,Michael McKean
3068,Phyllida Law
3070,Sam Riley
3072,John Cassavetes
3073,Nora Dunn
3074,John Howard
3075,Shah Rukh Khan
3079,Keir Dullea
3080,Henry Thomas
3083,Ricky Schroder
3084,Antonia Thomas
3085,Arjun Rampal
3086,Jon Gries
3087,Santiago Cabrera
3088,Karin Viard
3099,Boris Kodjoe
3101,Richard Burton
3102,Lane Smith
3110,Tina Turner
3112,Lauren Cohan
3118,Jeff Fahey
3131,Laila Haley
3137,Billy Drago
3138,Jurnee Smollett-Bell
3140,David Zayas
3141,Tina Desai
3143,Ben Feldman
3145,Steve Oedekerk
3146,Reba McEntire
3149,Byron Mann
3151,Wendi McLendon-Covey
3152,Harry Styles
3159,Chase Ellison
3167,Jasper Cole
3168,Sophie Okonedo
3174,Michaela Conlin
3176,Daniel Sharman
3178,Johannes Silberschneider
3182,Dylan Moran
3183,Bernadette Peters
3189,Flavio Parenti
3190,Robert Picardo
3192,Peter Fonda
3194,Eric Stoltz
3195,Cliff Robertson
3196,Scott Mechlowicz
3198,Gillian White
3199,Eoin Macken
3203,Miranda Richardson
3208,Naseeruddin Shah
3217,Bashar Rahal
3218,Wei Zhao
3219,Vincent Gallo
3220,Isabelle Huppert
3221,Numan Acar
3224,Kip Pardue
3227,Danny Dyer
3232,Jorge Luis Moreno
3236,Adrian Martinez
3237,Stephanie Szostak
3238,Madison Pettis
3239,Nicholas Hamilton
3241,Drew Fuller
3242,Jim Carter
3243,Damian Walshe-Howling
3245,Teryl Rothery
3246,Shane Pollard
3249,Veronica Ferres
3250,Ingvar Eggert Sigurðsson
3251,Sendhil Ramamurthy
3253,Jimi Mistry
3255,Kang-ho Song
3257,Tyler Mane
3259,Danny Pino
3266,Daniella Alonso
3268,Carmen Maura
3269,John Vernon
3270,Jizelle Jade
3273,"Bárbara Mori"
3275,Noah Taylor
3280,Topol
3283,Riccardo Scamarcio
3286,Catherine Hicks
3287,Michael Moore
3288,Noel Gugliemi
3293,Don Ameche
3299,Kristin Lehman
3303,Ronn Moss
3309,Jung-min Hwang
3311,Sarunyu Wongkrachang
3313,Lambert Wilson
3315,Q'orianka Kilcher
3316,Jacqueline McKenzie
3318,Lars Mikkelsen
3326,Harrison Gilbertson
3329,Dee Bradley Baker
3333,David Keith
3335,Jane Fonda
3336,Bjørn Sundquist
3338,Jacinda Barrett
3340,Mariah Carey
3341,Abigail Spencer
3342,Yu-mi Jeong
3346,Robert Redford
3347,Mary Elizabeth Mastrantonio
3348,Katrina Kaif
3349,Padraic Delaney
3350,Ranbir Kapoor
3352,Peter Ustinov
3354,Necati Sasmaz
3359,Eleanor Parker
3362,Marshall Bell
3363,Noah Huntley
3364,Jennifer Freeman
3369,James Kyson
3371,Mackenzie Davis
3372,Brian Doyle-Murray
3373,Tina Gilton
3375,Telly Savalas
3376,Nick Wechsler
3378,Stephen Collins
3387,Alexandra Maria Lara
3388,Christopher Nicholas Smith
3392,Cameron Monaghan
3407,Faye Dunaway
3408,Sean Lennon
3415,Alexia Fast
3422,Ian Tracey
3423,Mitsuo Iwata
3425,Stephen McHattie
3426,Rachel Ann Mullins
3427,Leehom Wang
3428,Celia Imrie
3429,Mckenna Grace
3431,Spencer Wilding
3433,Scott Takeda
3436,Françoise Yip
3442,Joely Richardson
3444,Molly Parker
3446,Eric Johnson
3449,Sandrine Kiberlain
3454,Akon
3455,Saif Ali Khan
3458,Max Riemelt
3462,George Coe
3464,Darren Shahlavi
3467,Michael Nouri
3471,Sullivan Stapleton
3485,MyAnna Buring
3489,Sid Haig
3491,Kimberly Elise
3495,Bernard Fox
3496,Michael Stuhlbarg
3501,Irvin Kershner
3502,Jonathan Brandis
3503,Indira Varma
3504,Roy Billing
3506,Michael J. Pollard
3507,Melinda Clarke
3516,Ezra Miller
3517,Samantha Barks
3523,Nathalie Fay
3524,Geoff Stults
3531,Lynn Cohen
3532,Leonid Yarmolnik
3536,Michael Wong
3538,Erin Fitzgerald
3539,Debi Derryberry
3541,Ben Browder
3544,Gordon Pinsent
3545,Rex Baker
3546,Heike Makatsch
3548,Glenn Plummer
3550,Lubna Azabal
3551,Laura Morante
3555,Deborah Mailman
3556,John Cothran
3558,Rita Moreno
3559,Angie Dickinson
3562,Greg Germann
3563,David Wayne
3564,Leon
3565,Merab Ninidze
3568,Emily Podleski
3576,Florian Lukas
3578,Linnea Quigley
3579,Maria Pia Calzone
3581,Olivia Newton-John
3583,Osama bin Laden
3584,Katharine Ross
3585,Ed Wynn
3593,Lisa Wilcox
3599,Tisha Campbell-Martin
3601,Sammo Kam-Bo Hung
3620,Hugh M. Hefner
3623,Francis Capra
3624,John Cameron Mitchell
3625,Antoni Corone
3626,Rachel Alig
3628,Chelcie Ross
3630,William Holden
3632,Lesley-Anne Down
3634,Michael Berryman
3636,Benoît Magimel
3640,James Nesbitt
3643,Noam Chomsky
3645,Catherine Bell
3646,Pruitt Taylor Vince
3649,Drew Waters
3651,Debbie Harry
3655,Yorick van Wageningen
3657,Jeanne Moreau
3661,Simon Bird
3664,Wesley Jonathan
3665,Asin
3666,Jonathan D. Mellor
3667,Kayla Jackson
3669,Alice Krige
3676,Stephen Macht
3677,Jean-Baptiste Maunier
3679,Alexis Dziena
3680,Ruby Dee
3682,Jean-Pierre Léaud
3683,Philippe Nahon
3684,Lindsay Kay Hayward
3685,Anupam Kher
3686,Kim Shaw
3690,Aksel Hennie
3691,Russell Tovey
3692,Campbell Scott
3694,Teresa Wright
3695,Abhishek Bachchan
3701,Johanna Braddy
3703,John Saxon
3705,Eugenio Derbez
3706,Matt Shively
3708,Burt Kwouk
3712,Richard Cabral
3717,James Lafferty
3721,William Schallert
3722,Tony Bonner
3724,John Beasley
3734,Gene Tierney
3736,Kane Hodder
3740,Maribel Verdú
3741,Peter Serafinowicz
3742,Jessica Lowndes
3748,Warren Christie
3750,Sterling Jerins
3751,Vanna Bonta
3752,Gina Lollobrigida
3753,Fred Willard
3755,Gary Cooper
3757,Lara Jill Miller
3759,Marie-Josée Croze
3760,Robert Shaw
3761,Brendan Fehr
3763,Fran Drescher
3766,Claudia Cardinale
3770,Norbert Ferrer
3774,Cassandra Peterson
3778,Kim Dickens
3780,Dana Delany
3784,Alia Shawkat
3785,Liza Minnelli
3787,Andrew Wilson
3789,Akshaye Khanna
3790,Jeffrey Frost
3791,Raymond Burr
3794,Judith Anderson
3796,Meghan Ory
3797,Ocean James
3798,Mike Figueroa
3801,Glenn Campbell
3802,Luis Tosar
3803,Dave Legeno
3811,Teri Polo
3813,James Frain
3814,David Huddleston
3816,David Raizor
3818,Mikal Vega
3819,Julia Jentsch
3820,Udo Kier
3825,Katy Mixon
3826,Alex Rocco
3829,Bill Johnson
3833,Maria Conchita Alonso
3834,Bhama
3836,Keith Carradine
3837,Sara Forestier
3840,William Kircher
3842,Brooke Shields
3845,Royal Dano
3847,Dan Fogler
3850,Dana Andrews
3851,Mía Maestro
3853,Alex Kendrick
3855,Jaime Camil
3856,Jan Decleir
3858,Rich Pecci
3860,Nicolas Giraud
3862,Simon Yam
3864,Oksana Akinshina
3866,Jimmy Shergill
3868,Katherine McNamara
3869,Sid Caesar
3870,Nimrat Kaur
3875,Fabian Bolin
3877,Vidya Balan
3878,Yangzom Brauen
3885,Art Hindle
3886,Julian Richings
3887,Judith O'Dea
3890,Gloria Grahame
3895,Molly C. Quinn
3902,Meg Foster
3904,Marlee Matlin
3906,Ellar Coltrane
3909,Angell Conwell
3912,Montgomery Clift
3916,Geraldine Chaplin
3917,Ashley Rickards
3919,Roscoe Lee Browne
3929,Anna Gunn
3930,Stephanie Leonidas
3931,Collin Alfredo St. Dic
3937,Kylie Minogue
3939,Peter McNamara
3941,Lauren Ambrose
3943,Hector Kotsifakis
3944,Noah Emmerich
3946,Rachel Griffiths
3950,Connor Paolo
3951,Doug Brochu
3955,Ed Speleers
3959,Saad Siddiqui
3960,Jean Harlow
3962,Lily Rabe
3963,Robin McLeavy
3964,Kristen Quintrall
3965,Eric Mabius
3966,Rachel Hendrix
3970,Hattie McDaniel
3971,Tom Cullen
3974,Keenan Wynn
3975,Kayvan Novak
3976,Fernanda Montenegro
3978,Gladys Cooper
3979,Alice Olivia Clarke
3983,Brenda Vaccaro
3985,Peter Graves
3989,Ta'Rhonda Jones
3991,Slim Pickens
3992,John Forsythe
3993,Colleen Dewhurst
3995,Bernard Cribbins
3997,Joe Estevez
3998,John Mahoney
4000,Ricardo Darín
4002,Gideon Emery
4003,Ted Raimi
4004,Wanda Sykes
4006,Elpidia Carrillo
4007,Otto Jespersen
4012,Diahann Carroll
4018,Jane Goodall
4021,Chris Brochu
4026,Murray Bartlett
4031,Corbin Bleu
4033,Thomas Bo Larsen
4035,Armando Riesco
4036,Roddy McDowall
4039,François Bégaudeau
4041,Lee Marvin
4043,Catalina Sandino Moreno
4047,Honor Blackman
4048,Sarah Gadon
4049,Donna Reed
4052,Sprague Grayden
4056,Clu Gulager
4058,Rhys Wakefield
4059,Danielle Kotch
4060,Nancy O'Dell
4061,Burl Ives
4062,Linda Harrison
4064,Veronica Taylor
4068,Ed Lauter
4069,Fred MacMurray
4071,Tamara Toumanova
4076,Shirley Jones
4077,Maximilian Schell
4079,Matthew Senreich
4082,Seamus Davey-Fitzpatrick
4083,John Astin
4084,Angus Scrimm
4088,John Abraham
4090,Callie Thorne
4093,Peter Ostrum
4095,Kristy Swanson
4100,Greta Gerwig
4103,Eddie Griffin
4106,Robyn Lively
4108,Kevin Pollak
4110,William Morgan Sheppard
4117,Michael Gross
4119,Susan Hampshire
4120,Alicja Bachleda
4121,Johnny Pacar
4122,Matt Cohen
4127,Neil Hopkins
4130,Tom Everett Scott
4131,John Savage
4133,French Stewart
4140,Everett McGill
4145,Ann-Margret
4146,Anthony L. Fernandez
4147,Dyan Cannon
4148,Olivia Rose Keegan
4149,Greg Crowe
4151,Cécile De France
4152,Maeve Dermody
4154,Isaac Hayes
4155,Nehemiah Persoff
4157,Margaret Hamilton
4159,Megan Park
4162,Teri Garr
4163,Bhavkhandan Singh Rakhra
4164,Iben Hjejle
4166,Rijk de Gooyer
4167,Spencer Tracy
4169,Judie Aronson
4170,Joanna Kulig
4171,Rupert Graves
4174,Gerry Lopez
4175,Karra Elejalde
4176,Jack Kao
4177,Brianna Brown
4179,Joe Cross
4180,Essence Atkins
4181,Barack Obama
4184,Tom Atkins
4186,Patricia Neal
4187,David Jason Perez
4190,Hanno Pöschl
4191,Patrick Huard
4193,Joan Chen
4194,Satish Kaushik
4199,Bill Maher
4204,Dustin Lance Black
4206,Benno Fürmann
4207,Leonor Varela
4209,Ashley Scott
4214,Anthony 'Citric' Campos
4215,Simon Merrells
4218,Esther Williams
4219,Jossara Jinaro
4221,Agnes Moorehead
4225,Leopold Stokowski
4227,Nicole Smolen
4228,Richard Brooker
4229,Tiffany Helm
4232,Brian Austin Green
4233,Jessica Tandy
4235,Saeed Jaffrey
4237,Rachel Skarsten
4238,Myrna Loy
4240,Jørgen Langhelle
4241,Michael Derek
4242,Manuela Velasco
4244,Travis Myers
4245,Walter Hendrix III
4246,James Ransone
4248,Phoebe Legere
4249,Carroll O'Connor
4251,Maika Monroe
4254,Vernon Wells
4257,Alicia Goranson
4258,Eric Sheffer Stevens
4260,Ben Davies
4262,Hedy Lamarr
4263,Michel Robin
4264,Michael Greyeyes
4266,Vernon Dobtcheff
4267,Adriana Barraza
4271,Nicholas Aaron
4272,Tyrone Power
4273,Najarra Townsend
4275,Vanessa Lengies
4276,Henry Silva
4280,Kathleen Wilhoite
4281,Stephen Colbert
4283,Sook-Yin Lee
4284,Ari Folman
4285,Noah Danby
4289,John F. Kennedy
4292,Danny Aiello
4293,Alanna Ubach
4294,Matt Bennett
4297,Jess Weixler
4298,Jeffrey Falcon
4299,Karisma Kapoor
4300,Paul Kaye
4309,Merritt Wever
4312,Brad William Henke
4314,Jordi Vilasuso
4318,Rapulana Seiphemo
4320,Mackenzie Gray
4321,Peter McQuinn
4322,Daniel Baldwin
4323,Alice Cooper
4325,Paul Sheehan
4327,Steven Weber
4328,Rita Hayworth
4329,Mircea Monroe
4332,Sunil Narkar
4333,Kate Maberly
4336,Jon Mack
4337,Buster Keaton
4340,Trenton Rostedt
4342,Melissa Bolona
4345,Paul McGillion
4348,Khalid Abdalla
4349,Karl E. Landler
4351,Lauren Gottlieb
4353,Paul McGill
4354,Siobhan Marshall
4355,Logan Browning
4356,Caleb Landry Jones
4360,"Damián Alcázar"
4364,Donna Murphy
4365,Hansika Motwani
4368,Tshewang Dendup
4370,Humphrey Bogart
4371,George Newbern
4372,Kimberley Crossman
4374,Christian Keyes
4376,James Duval
4378,Matthew Alan
4382,Sarah Butler
4383,Ally Walker
4385,Nawazuddin Siddiqui
4387,Jean Arthur
4389,Harry Carey Jr.
4390,Shawnee Smith
4393,Yasmine Al Massri
4395,Ohad Knoller
4397,Annabelle Wallis
4400,Dustin Ingram
4402,Lew Temple
4406,William Baldwin
4407,Scott Cohen
4409,Matthew Ziff
4410,Norman Lloyd
4416,Ami Ayalon
4417,Beau Bridges
4418,Donald Glover
4422,Ward G. Smith
4423,Paul Guilfoyle
4424,Jessy Schram
4426,Joel David Moore
4427,Paulette Goddard
4431,Jay Mohr
4433,Brian Lee Franklin
4436,Angela Sarafyan
4438,Morgana O'Reilly
4439,Lee Scott
4440,Nicole Muñoz
4442,Monica Barladeanu
4443,Ashanti
4444,Brighton Sharbino
4445,Katrina Law
4447,Timothy Hutton
4449,Adriana Caselotti
4451,Brigitte Bardot
4452,Zak Penn
4454,Camren Bicondova
4456,Jessica Szohr
4457,Burgess Meredith
4460,Karl Malden
4461,Ulrich Thomsen
4463,Long Nguyen
4467,James Morrison
4468,Elina Abai Kyzy
4469,Maury Chaykin
4472,Noureen DeWulf
4475,Betsy Palmer
4476,Ray Milland
4479,Vic Mignogna
4486,Geoffrey Arend
4487,Zuhair Haddad
4488,Ximena Ayala
4492,Jerry Mathers
4497,Spring Byington
4499,Alex Huszar
4500,Jason Marsden
4501,Lemmy
4503,Déborah Révy
4504,"Nataniel Sánchez"
4506,Rich Ceraulo
4507,Errol Flynn
4509,Christie Burke
4511,Redd Foxx
4513,Seregon O'Dassey
4516,Richard Cawthorne
4517,Terry Kiser
4518,Sarah Murphy-Dyson
4519,Sean Cameron Michael
4520,Chris Gauthier
4521,Iko Uwais
4523,Piero Maggiò
4525,Talia Zucker
4529,Christopher Abbott
4532,Shelley Hennig
4535,Ursula Andress
4537,Andrew Robinson
4538,Benjamin A. Onyango
4540,Hiroshi Abe
4543,Fernanda Andrade
4545,James Drury
4546,Billy West
4547,James Brown
4548,Mick Jagger
4550,Juliet Stevenson
4551,W. Earl Brown
4552,Michael Pollan
4558,Gaby Hoffmann
4560,Sheryl Crow
4562,Kevin Corrigan
4568,Sonja Sohn
4572,Trey Parker
4578,Shahir Kabaha
4580,Steven Yeun
4581,Shiri Appleby
4583,Anwar Congo
4584,Alex Gibney
4585,Pelé
4586,Kumar Gaurav
4588,Josh Swanson
4589,G.W. Krauss
4591,Emraan Hashmi
4592,Lena Dunham
4594,Harvey Fierstein
4595,Patrick Renna
4596,Yul Vazquez
4598,Will Rothhaar
4599,Jordana Spiro
4600,Nora Zehetner
4602,Frances Bay
4603,Scott Levy
4606,Kenny Johnston
4607,Rasheed Naz
4608,Ilene Graff
4609,Jason Ritter
4610,Nicole Randall Johnson
4611,Randy Wayne
4616,Russell Hodgkinson
4617,Maureen McCormick
4618,Álex Angulo
4622,Katie Aselton
4623,David Oakes
4624,Magi Avila
4625,Boyd Banks
4626,Angelina Armani
4627,Jason K. Wixom
4628,Justin Baldoni
4631,Monique Candelaria
4632,Eric Lloyd
4633,Kimberly Williams-Paisley
4635,Alma Martinez
4637,Justin Kirk
4638,Anamaria Marinca
4640,Odessa Rae
4642,Sarah Kazemy
4643,Ahna O'Reilly
4645,Sam Edwards
4646,John Enos III
4649,Stana Roumillac
4651,James Wolk
4653,Gavin MacLeod
4654,Lorraine Stanley
4656,Tommy O'Reilly
4657,Shahab Hosseini
4658,Jo Hartley
4660,Allison Dean
4661,Victor Rasuk
4662,Louise Brooks
4664,Norma Aleandro
4666,Zachary Knighton
4668,Shane Dawson
4670,Corbin Allred
4671,Taylor Pigeon
4673,Scott Helvenston
4676,Isaac C. Singleton Jr.
4680,Jean-Louis Trintignant
4681,Raymond J. Barry
4683,Luke Grimes
4684,Dichen Lachman
4686,William Gates
4687,Kevin Scott Richardson
4689,Adam LeFevre
4690,Laura Fraser
4695,Irene Bedard
4696,Hill Harper
4698,Trey Loney
4699,Richard Curtis
4703,Leven Rambin
4704,Ginger Rogers
4705,Heather Donahue
4706,Joe Cocker
4707,David Zucker
4708,Stacy Keach
4709,Kendyl Joi
4712,Aliou Touré
4713,Karen Alexander
4714,Russell Wong
4716,Paula Garcés
4717,Paul McCartney
4719,Dario Nozic Serini
4720,Kirk Cameron
4721,Bhole Baba
4722,Frances Bavier
4723,Blanchard Ryan
4725,Woody Strode
4726,Heather Berman
4729,Ken Burns
4730,Terry Funk
4731,Kirby Heyborne
4732,Marina Golbahari
4733,Rachel Dratch
4734,Rachel True
4736,Sasha Alexander
4738,Edie Falco
4740,Monica Calhoun
4743,David Mamet
4744,Takashi Shimura
4745,Tommy Sheppard
4747,Monique Gabriela Curnen
4748,Haley Ramm
4750,Tori Spelling
4756,Bo Huang
4757,Brian Eno
4760,Daston Kalili
4761,Carol Channing
4763,Vincent Chimato
4764,Emma Caulfield
4765,Mike Beckingham
4767,Shaun Sipos
4768,Manny Perez
4769,Jennifer Hale
4771,Mary Kate Wiles
4772,Carrie Bradstreet
4773,Elizabeth Streb
4774,Mike Stanley
4776,Patrick Kilpatrick
4777,Lawrence Gilliard Jr.
4779,Luis Sanchez
4781,John Karyus
4782,Jennifer Lafleur
4784,Bob Proctor
4785,Chris Eigeman
4787,Jack E. Curenton
4790,Micah Sloat
4791,Tony Alva
4793,Emily Rios
4794,Tony Doupe
4796,Greg Ayres
4797,Bill Farmer
4799,Catriona MacColl
4800,Brendon Small
4801,Treat Williams
4802,Dov Tiefenbach
4804,R. Brandon Johnson
4806,Liv Ullmann
4807,Lillian Gish
4808,Walter Koenig
4809,Anita Page
4811,America Olivo
4812,Amos Oz
4813,Mark Zupan
4814,Michael Dudikoff
4815,Carol Block
4817,Tom E. Nicholson
4819,Jack Warden
4821,Claudette Colbert
4822,Angeliki Papoulia
4823,James Cagney
4824,Kimberly J. Brown
4826,Simon Abkarian
4828,Kevin Howarth
4829,Daniel London
4830,John Robinson
4831,Embeth Davidtz
4832,Jean-Paul Belmondo
4833,Vera Ngassa
4835,Robert John Burke
4836,Don Wallace
4837,Lalaine
4839,Trish Basinger
4841,Tatyana Ali
4842,Michael Des Barres
4844,Rumi Missabu
4847,Dreama Walker
4849,Aunjanue Ellis
4850,Hector Echavarria
4851,Parry Shen
4852,Nicole Ari Parker
4854,Purva Bedi
4855,Keri Maletto
4858,Charis Michelsen
4859,Amir Talai
4861,Marshal Hilton
4862,Ally Sheedy
4863,Samantha Futerman
4864,Nolan Gerard Funk
4866,Judy Marte
4867,Michael Abbott Jr.
4869,James Urbaniak
4870,Dustin Fitzsimons
4872,Eme Ikwuakor
4873,Florence Henderson
4874,Victoria Jackson
4876,Sam Adams
4877,Noah Segan
4879,Joshua Ray Bell
4881,John Gilbert
4883,Matthew Emerick
4885,Mark Fantasia
4886,Brendan Doogie Milewski
4887,Dan Futterman
4888,Christina Hart
4889,Kenneth Tobey
4891,Hugh Keays-Byrne
4894,Mae West
4895,The Dalai Lama
4896,Michael Joiner
4898,Devid Striesow
4899,William Joseph Elk III
4900,Matisyahu
4903,Marri Savinar
4904,Melanie Papalia
4906,Susan Chambers
4907,Marina Vlady
4908,Hanne Aagesen
4910,William Katt
4911,Darryl Hunt
4913,John Newton
4914,Elaine Bromka
4915,Paul Hickert
4917,Bahare Seddiqi
4919,S. Epatha Merkerson
4920,Abigail Evans
4921,Iulia Ciochina
4922,Robin Lord Taylor
4925,Charla Cochran
4926,Bebe Neuwirth
4927,Glen Hansard
4928,Marilyn Rising
4929,Temple Grandin
4930,Alan Brent
4931,Joel Moody
4933,Peter Robbins
4934,Naderev Sano
4935,Lisa Ann
4936,Ariel Hsing
4939,J.D. Williams
4940,Christopher Denham
4941,Mark Duplass
4942,Diane Sorrentino
4946,Philippe Leroy
4947,Jason Stuart
4948,Richard Moll
4950,Pfeifer Brown
4951,Hal Landon Jr.
4952,Stephen Carr
4953,Robert Townsend
4955,Leon Isaac Kennedy
4956,Fay Masterson
4957,Kevin P. Farley
4959,Jonathan Blow
4961,Sheldon Leonard
4962,Claire Gordon-Harper
4964,Jon Brion
4968,Jack McGee
4970,Michelle Simone Miller
4971,Chemeeka Walker
4974,Virginia Leith
4975,Ty Parker
4977,Justin Gordon
4978,Shari Albert
4979,Paul Daniel Ayotte
4980,Marcello Mastroianni
4984,Dan Novy
4985,Chris 'Wonder' Schoeck
4987,Taliesin Jaffe
4988,Jan Haley
4990,Paul Schneider
4991,Derick Martini
4993,Elissa Dowling
4994,Ringo Starr
4995,Julianne Gabert
4997,Joseph Campanella
4998,Andrew Bujalski
4999,Nichole Ceballos
5002,Don Brooks
5004,Stacy Edwards
5006,Franky G
5008,Tommy Pallotta
5009,Tjasa Ferme
5010,Kristen Seavey
5011,Shannen Fields
5012,Ashley Tramonte
5013,Robbie Barnes
5015,Paul Ogola
5016,Zoe Lister-Jones
5017,Sean Whalen
5018,Divine
5019,Maggie Cheung
5020,Fereshteh Sadre Orafaiy
5021,Patrick O'Donnell
5022,Kôji Yakusho
5023,Tatiana Suarez-Pico
5024,Julianna Pitt
5026,Shane Carruth
5027,Ian Gamazon
5028,Carlos Gallardo
5029,Richard Jewell
5030,Kerry Bishé
5032,Natalie Zea
5033,Eva Boehnke
5035,John August
