id,director_name
0,James Cameron
1,Gore Verbinski
2,Sam Mendes
3,Christopher Nolan
4,Doug Walker
5,Andrew Stanton
6,Sam Raimi
7,Nathan Greno
8,Joss Whedon
9,David Yates
10,Zack Snyder
11,Bryan Singer
12,Marc Forster
16,Andrew Adamson
18,Rob Marshall
19,Barry Sonnenfeld
20,Peter Jackson
21,Marc Webb
22,Ridley Scott
24,Chris Weitz
27,Anthony Russo
28,Peter Berg
29,Colin Trevorrow
32,Shane Black
33,Tim Burton
34,Brett Ratner
35,Dan Scanlon
36,Michael Bay
40,Joseph Kosinski
41,John Lasseter
42,Martin Campbell
43,Lee Unkrich
44,McG
45,James Wan
48,J.J. Abrams
50,Baz Luhrmann
51,Mike Newell
52,Guillermo del Toro
54,Steven Spielberg
55,Peter Sohn
56,Mark Andrews
57,Justin Lin
60,Roland Emmerich
61,Robert Zemeckis
62,Lana Wachowski
67,Pete Docter
68,Rob Letterman
69,Jon Favreau
70,Martin Scorsese
72,Rob Cohen
73,David Ayer
74,Tom Shadyac
75,Doug Liman
76,Kevin Reynolds
77,Stephen Sommers
81,Rupert Sanders
82,Robert Stromberg
83,Matt Reeves
84,Roland Joffé
85,Carl Rinsch
87,Mike Mitchell
88,Brad Bird
89,Don Hall
90,Rich Moore
93,Dean DeBlois
94,Jonathan Mostow
95,James Gunn
98,Hideaki Anno
101,David Fincher
102,Matthew Vaughn
103,Francis Lawrence
104,Jon Turteltaub
105,Wolfgang Petersen
106,James Bobin
107,Chris Miller
108,Duncan Jones
109,Alan Taylor
110,Michael Apted
113,Oliver Stone
121,Eric Darnell
122,Shawn Levy
123,Gavin Hood
125,Chris Buck
128,George Miller
129,Ron Howard
130,Kenneth Branagh
131,Byron Howard
132,Hoyt Yeatman
133,Jonathan Liebesman
135,Christopher McQuarrie
136,Joe Johnston
138,Steve Hickner
139,Jennifer Yuh Nelson
140,M. Night Shyamalan
143,Simon Wells
144,David Bowers
145,Joe Wright
146,Rob Minkoff
149,Lee Tamahori
150,Paul Feig
154,Alessandro Carloni
156,Peter Ramsey
157,Dean Parisot
158,Edward Zwick
163,Alex Proyas
166,Richard Donner
167,Ang Lee
168,Jon M. Chu
169,Breck Eisner
170,Hironobu Sakaguchi
173,Peter Weir
174,Bill Condon
176,Louis Leterrier
178,"Alejandro G. Iñárritu"
179,David Soren
182,Paul Greengrass
183,Mark Osborne
184,Peyton Reed
187,Tim Johnson
191,Phillip Noyce
192,Darren Aronofsky
194,Alfonso Cuarón
197,Eric Leighton
198,Matt Birch
200,Tom McGrath
201,Chris Columbus
202,Robert Schwentke
208,Carlos Saldanha
211,Guy Ritchie
213,Paul Verhoeven
214,John McTiernan
215,Tony Gilroy
216,Joel Schumacher
219,John Woo
221,Tim Story
223,Mark Steven Johnson
228,Neill Blomkamp
229,David Twohy
230,José Padilha
232,James L. Brooks
233,James Mangold
235,George Lucas
240,Kirk De Micco
241,Frédéric Forestier
243,Cedric Nicolas-Troyan
246,Roger Donaldson
247,Dave Green
248,Josh Trank
250,Brad Peyton
251,Roger Spottiswoode
253,Steven Soderbergh
258,Michel Gondry
259,Noam Murro
260,Raja Gosnell
261,Will Finn
265,Jan de Bont
267,Len Wiseman
269,Frank Coraci
270,Michael Mann
271,Bo Welch
275,Ron Clements
277,Christopher Barnard
279,Peter Chelsom
280,Dominic Sena
290,Tony Scott
291,Paul Weitz
292,Adam McKay
293,Chuck Russell
294,Quentin Tarantino
295,Gary Trousdale
296,Mark Dindal
297,Simon West
299,Stefen Fangmeier
300,Spike Jonze
302,Chris Wedge
303,Florian Henckel von Donnersmarck
304,Peter Hyams
309,Tom Tykwer
311,Pitof
314,Brad Silberling
315,Patrick Hughes
316,Ericson Core
317,Lawrence Guterman
319,Ron Underwood
321,Steve Martino
322,David Mamet
325,Yimou Zhang
326,Ash Brannon
327,Frank Oz
329,Jay Roach
330,Luc Besson
331,Michael Patrick King
332,Bibo Bergeron
339,Sergey Bodrov
341,Wally Pfister
343,Rupert Wyatt
344,Mark Waters
345,John Moore
346,John Lee Hancock
348,Renny Harlin
355,Phil Lord
357,Ben Stiller
360,Tony Bancroft
365,Timur Bekmambetov
367,Walt Becker
369,Dennis Dugan
375,Sydney Pollack
376,Thor Freudenthal
381,Brian De Palma
384,Mick Jackson
385,Alan J. Pakula
386,Kathryn Bigelow
388,John Milius
390,Andrey Konchalovskiy
391,Gary Ross
399,Paul W.S. Anderson
400,Genndy Tartakovsky
401,Kevin Lima
402,Daniel Espinosa
405,Nancy Meyers
409,Roger Allers
410,Neil Burger
411,Jean-Jacques Annaud
416,Sarah Smith
417,Martin Brest
418,Andrew Davis
419,Bob Fosse
420,Tarsem Singh
421,Edgar Wright
422,Jon Amiel
423,Peter Segal
425,Pete Travis
427,George A. Romero
434,Sylvester Stallone
437,Todd Phillips
441,Gary Winick
442,Mimi Leder
450,Seth Gordon
453,Adam Shankman
457,D.J. Caruso
458,Anthony Minghella
459,Albert Hughes
460,Les Mayfield
462,Joe Pytka
464,Scott Derrickson
467,Ivan Reitman
468,Eric Brevig
469,Kelly Asbury
471,Stephen Hopkins
472,Jonathan Demme
473,Henry Jaglom
475,James Algar
480,Vincent Ward
481,Steven Brill
482,Terry Gilliam
484,Lucile Hadzihalilovic
489,Barry Cook
490,Roger Christian
491,Joe Dante
494,Kevin Costner
497,Antony Hoffman
499,Jacques Perrin
502,Andrés Couturier
506,Cody Cameron
510,John Singleton
512,Oliver Hirschbiegel
513,Des McAnuff
514,Yarrow Cheney
515,Stephen Norrington
516,Pierre Coffin
528,David Kellogg
534,Mike Nichols
537,F. Gary Gray
539,Antoine Fuqua
540,Robert Luketic
543,Gil Kenan
544,Barry Levinson
545,Jerry Zucker
546,Andy Tennant
548,Florent-Emilio Siri
549,Don Bluth
550,Ron Shelton
552,David Pastor
553,Henry Selick
556,Kyle Balda
560,Clay Kaytis
562,Judd Apatow
565,Steve Carr
566,Mel Gibson
568,David Silverman
569,Frank Darabont
573,Betty Thomas
577,Garry Marshall
579,Paul Tibbitt
585,Clark Johnson
586,Cameron Crowe
590,Randall Wallace
592,Jonathan Frakes
597,George Clooney
600,Gary Shore
606,Andrzej Bartkowiak
608,Måns Mårlind
610,Gregory Hoblit
611,Gary McKendry
613,Wych Kaosayananda
614,Mikael Salomon
615,Bobby Farrelly
618,Kerry Conran
619,Michael Caton-Jones
620,Mikael Håfström
622,Phil Alden Robinson
623,David Slade
626,Joseph Ruben
627,Seth MacFarlane
628,"Alejandro Amenábar"
629,Kinka Usher
632,Craig Gillespie
637,Rob Bowman
638,Doug Lefler
640,Scott Waugh
643,Lawrence Kasdan
648,Michael Lembeck
649,Tom Hooper
650,Nora Ephron
654,Angelina Jolie Pitt
655,Clint Eastwood
661,Larry Charles
662,Stanley Kubrick
663,Will Gluck
664,Glenn Ficarra
666,David S. Goyer
672,Taylor Hackford
676,Michael Lehmann
678,Stuart Beattie
679,Roman Polanski
681,Frank Miller
683,"Baltasar Kormákur"
690,Daniel Lee
691,Keenen Ivory Wayans
693,Rob Reiner
694,Marco Schnabel
695,Demian Lichtenstein
697,Josh Gordon
698,Tim Hill
701,David Frankel
710,Brenda Chapman
715,Marc Lawrence
717,Peter Billingsley
720,Wes Ball
721,Ryan Murphy
725,Robert Redford
728,Jay Russell
731,Kenny Ortega
733,David McNally
737,Brian Robbins
739,Brian Levant
741,Steven Zaillian
742,Chris Butler
745,Jon Avnet
746,Sam Fell
747,Kevin Donovan
748,Geoff Murphy
750,David O. Russell
751,Babak Najafi
752,Jean-Pierre Jeunet
754,Graham Annable
755,Griffin Dunne
757,John Pasquin
759,Ruben Fleischer
760,Harold Ramis
762,Kevin Macdonald
764,Donald Petrie
766,Jorge Blanco
767,Stuart Baird
768,Joel Coen
769,Robert Lorenz
774,Harold Becker
780,Scott Stewart
781,Patrick Gilmore
786,Tony Bill
787,Rod Lurie
788,Walter Hill
789,Akiva Goldsman
790,Harald Zwart
792,Walter Salles
794,Iain Softley
796,David Koepp
797,Uwe Boll
799,Pou-Soi Cheang
800,John Dahl
801,Tim Miller
802,Stephen Herek
807,Peter MacDonald
813,Anthony Hemingway
815,Sean Anders
818,Mark Neveldine
819,John Madden
821,Kevin Bray
825,Mike Gabriel
829,Sam Weisman
830,Jesse Dylan
835,Wayne Wang
837,Gabriele Muccino
846,Tom Dey
850,Jimmy Hayward
852,Alan Parker
853,John Frankenheimer
855,Paul King
856,Akiva Schaffer
857,William Friedkin
860,Kent Alterman
861,Peter Lord
866,Shekhar Kapur
867,Karyn Kusama
868,Ron Maxwell
869,Robert Butler
870,Karey Kirkpatrick
873,Steve Antin
876,Jim Gillespie
880,Francis Ford Coppola
883,Richard Lester
890,Scott Cooper
893,Robert Rodriguez
895,Curtis Hanson
899,Phyllida Lloyd
901,Jay Chandrasekhar
902,Terrence Malick
903,David Dobkin
904,Milos Forman
906,Pierre Morel
907,Paul Hunter
909,Steve Oedekerk
910,John Whitesell
913,George Nolfi
925,Neil Jordan
927,Rawson Marshall Thurber
931,Spike Lee
932,Brian Helgeland
933,Frank Marshall
937,Hideo Nakata
939,Peter Hewitt
940,Joe Roth
941,Bennett Miller
943,Jaume Collet-Serra
944,Andy Fickman
945,James McTeigue
947,Matthew O'Callaghan
948,Angela Robinson
949,Gary Fleder
950,Tommy Wirkola
951,Adrian Lyne
953,Stephen Gaghan
955,Jorge R. Gutiérrez
956,Richard Loncraine
960,Christophe Gans
961,Howard Deutch
962,Jon Hurwitz
964,Steven Quale
965,John Landis
969,Alexander Witt
970,Beeban Kidron
971,Carl Franklin
972,Steven Seagal
974,Danny Boyle
978,Andrew Bergman
981,Barbet Schroeder
983,Peter Webber
985,Andrew Niccol
989,John Carpenter
991,Wes Anderson
996,David Cronenberg
997,John Stockwell
999,David Gordon Green
1000,Jim Sheridan
1001,Costa-Gavras
1002,Patrick Read Johnson
1008,Richard LaGravenese
1009,Danny DeVito
1011,George Armitage
1013,Patrick Lussier
1015,James Wong
1017,Richard Curtis
1024,Chuck Bowman
1033,Olivier Megaton
1036,Deepa Mehta
1037,Warren Beatty
1039,Penny Marshall
1040,Ted Kotcheff
1041,Andrei Tarkovsky
1042,Paul Bolger
1043,Stephen Frears
1044,P.J. Hogan
1051,Brad Furman
1052,Terence Young
1055,David Zucker
1064,Denis Villeneuve
1070,Thomas Carter
1071,Roger Michell
1072,Luis Llosa
1079,Melville Shavelson
1081,Garth Jennings
1082,Joel Zwick
1083,Russell Mulcahy
1089,David R. Ellis
1090,Peter Howitt
1091,John A. Davis
1092,David Lynch
1093,Julie Taymor
1096,Mathieu Kassovitz
1097,John Gray
1099,John Schultz
1100,Sean Penn
1101,Susan Stroman
1103,Simon Wincer
1104,Billy Bob Thornton
1110,Danny Pang
1113,George P. Cosmatos
1114,Oliver Parker
1115,Lawrence Kasanoff
1116,Ben Affleck
1121,Brian Gibson
1122,Norman Ferguson
1123,Michael Cimino
1125,Paul McGuigan
1126,Gus Van Sant
1129,Roger Kumble
1131,Burr Steers
1136,John Hamburg
1137,Reginald Hudlin
1139,Joseph L. Mankiewicz
1142,Barbra Streisand
1143,Mark Pellington
1145,John Glen
1146,Catherine Hardwicke
1147,John Herzfeld
1148,Annabel Jankel
1151,Julie Anne Robinson
1152,Evan Goldberg
1153,Sngmoo Lee
1156,Jamel Debbouze
1158,Gordon Chan
1160,Asger Leth
1162,John G. Avildsen
1164,Anne Fletcher
1165,Bruce Beresford
1168,Sam Taylor-Johnson
1176,Ken Kwapis
1178,Wes Craven
1180,Etan Cohen
1200,Nick Cassavetes
1204,Nicholas Stoller
1207,Mark A.Z. Dippé
1213,Cal Brunker
1216,Nimród Antal
1219,Alejandro Agresti
1221,Peter Hedges
1222,Paul Weiland
1228,Colin Strause
1230,Joan Chen
1232,Greg Mottola
1237,Jake Kasdan
1238,Diane Keaton
1240,Kelly Makin
1246,Stephen Daldry
1249,Christian Duguay
1255,Justin Chadwick
1256,Pat O'Connor
1261,Frederik Du Chau
1263,Irwin Winkler
1264,Joseph Kahn
1267,Sofia Coppola
1269,Stephen Kay
1270,J.A. Bayona
1271,Elaine May
1276,Dennie Gordon
1277,Charles Shyer
1279,Ulu Grosbard
1280,William Malone
1284,Malcolm D. Lee
1285,Jerry Jameson
1286,Mic Rodgers
1287,Christian Alvart
1290,Jean-Marie Poiré
1293,Marc F. Adler
1295,Geoffrey Sax
1298,Richard Shepard
1300,Peter Ho-Sun Chan
1302,Joon-ho Bong
1304,Jeff Nathanson
1306,S.S. Rajamouli
1312,Charles S. Dutton
1318,Jonathan Lynn
1320,David Carson
1321,Kar-Wai Wong
1323,Yuefeng Song
1324,Norman Jewison
1326,David Mirkin
1328,Luis Mandoki
1333,Lee Daniels
1337,Jeb Stuart
1338,Steve Miner
1340,Paul Thomas Anderson
1341,David Leland
1343,J Blakeson
1344,Ryan Coogler
1346,Kirk Jones
1347,Ethan Coen
1348,Jennifer Flackett
1351,Kevin Smith
1352,Christian Ditter
1353,Charles Martin Smith
1358,Fedor Bondarchuk
1360,Irvin Kershner
1361,Steve Pink
1367,Scott Hicks
1372,Chris Rock
1374,Wilson Yip
1384,Robert Wise
1389,Kevin Rodney Sullivan
1399,Kevin Munroe
1400,Michael Tollin
1407,Patrick Tatopoulos
1410,Gary David Goldberg
1413,Tobe Hooper
1417,Alan Poul
1418,Luke Greenfield
1419,Gil Junger
1420,Michael Ritchie
1421,Steven E. de Souza
1428,Alexandre Aja
1429,Michael Rymer
1432,Hugh Wilson
1433,Mike Hodges
1437,Scott Mann
1438,Susanna White
1440,Chris Carter
1441,Tommy O'Haver
1442,Peter Landesman
1444,Gary Chapman
1446,Craig Mazin
1447,Allen Hughes
1455,Kimble Rendall
1456,Peter Yates
1460,Lasse Hallström
1462,Jean-Marc Vallée
1465,Hark Tsui
1468,Lexi Alexander
1471,Ronny Yu
1475,Bille August
1477,Moustapha Akkad
1478,Jean-Paul Rappeneau
1482,Joachim Rønning
1483,Tony Kaye
1485,Ken Scott
1488,Hugh Johnson
1490,Hayao Miyazaki
1491,George Tillman Jr.
1492,Rand Ravich
1493,Hugh Hudson
1500,Jeremy Degruson
1501,Chris Gorak
1502,Scott Speer
1504,Joe Charbanic
1505,Jonathan Hensleigh
1506,Danny Cannon
1507,Boaz Yakin
1509,Richard Marquand
1510,Neil Marshall
1512,David Wain
1517,Jared Hess
1520,Rupert Wainwright
1522,John Luessenhop
1523,Justin Zackham
1530,John Gatins
1536,Miguel Sapochnik
1537,Hyung-rae Shim
1539,Don Scardino
1541,Tim Robbins
1543,Tom Reeve
1545,Nanette Burstein
1547,Ariel Vromen
1550,Lewis Gilbert
1556,John Francis Daley
1560,J.B. Rogers
1563,Michael Sucsy
1564,Tom Vaughan
1575,Stephen Hillenburg
1582,Stig Bergqvist
1585,Jason Reitman
1586,Alexander Payne
1587,Jonathan Levine
1588,Rian Johnson
1590,Chris Noonan
1594,Michael McCullers
1595,Forest Whitaker
1599,Woody Allen
1600,Peter Lepeniotis
1601,Ted Demme
1603,William Shatner
1607,Steve Box
1615,James Gartner
1619,Lee Toland Krieger
1620,Tim McCanlies
1625,Drew Goddard
1626,Jason Friedberg
1628,Paul Michael Glaser
1631,John R. Leonetti
1632,Tom Hanks
1633,Kimberly Peirce
1634,Liz Friedlander
1635,Phil Joanou
1637,Shane Acker
1639,Martha Coolidge
1640,Stephen J. Anderson
1641,Troy Miller
1643,Tate Taylor
1645,Brett Leonard
1648,Alister Grierson
1649,Nick Hurran
1651,Charles Stone III
1652,Paul Haggis
1653,Kurt Wimmer
1654,Jean-François Richet
1656,Kevin Hooks
1657,Ellory Elkayem
1660,Niki Caro
1662,Vincenzo Natali
1663,Willard Huyck
1664,Gavin O'Connor
1665,Bruce Hunt
1670,Chris Roberts
1673,Jee-woon Kim
1674,Nick Hamm
1675,Andy Cadiff
1676,Mike Disa
1679,Richard J. Lewis
1683,Sergio Leone
1684,Niels Arden Oplev
1685,Michael Radford
1687,Steve Boyum
1689,Kaige Chen
1690,Corey Yuen
1691,Andrew Dominik
1692,Li Zhang
1693,Laurent Tirard
1696,Reinhard Klooss
1698,Frédéric Auburtin
1699,Olivier Dahan
1700,Maksim Fadeev
1701,Liliana Cavani
1702,Greg Tiernan
1703,Elizabeth Banks
1705,Edward Norton
1710,Ben Falcone
1711,Richard Attenborough
1713,Don Mancini
1714,John Maybury
1718,Igor Kovalyov
1729,Shinji Aramaki
1743,Miguel Arteta
1748,James Gray
1749,Janusz Kaminski
1759,Robert B. Weide
1760,Jeff Wadlow
1761,Agustín Díaz Yanes
1762,Camille Delamarre
1767,David Lean
1768,Richard Eyre
1770,Nicholas Meyer
1771,Callie Khouri
1775,Sanaa Hamri
1776,Todd Graff
1780,Philip Kaufman
1784,Saul Dibb
1785,Walter Murch
1786,Richard Linklater
1788,E. Elias Merhige
1789,Menno Meyjes
1791,Jodie Foster
1802,Scott Frank
1818,Kevin Allen
1820,Michael Cristofer
1823,Andrew Morahan
1824,Bob Rafelson
1825,Michael Cohn
1828,Alan Shapiro
1830,Fernando Meirelles
1837,Michael Hoffman
1843,Oleg Stepchenko
1845,Michael Winterbottom
1848,Michael Pressman
1852,Sharon Maguire
1854,Charles Herman-Wurmfeld
1862,Gabor Csupo
1864,Tyler Perry
1865,Joe Carnahan
1866,John Polson
1873,Bernardo Bertolucci
1877,Cathy Malkasian
1878,John Eng
1881,Chris Nahon
1882,Fred Wolf
1883,Bille Woodruff
1887,Victor Salva
1888,Mark Helfrich
1892,Steve Bendelack
1893,Dwight H. Little
1894,Guillaume Canet
1895,Kirsten Sheridan
1898,Richard Fleischer
1899,Bob Spiers
1901,Damien Dante Wayans
1906,John Wells
1907,Tim Fywell
1908,Nigel Cole
1909,Dexter Fletcher
1911,Jeremy Leven
1913,Sylvain White
1914,Troy Nixey
1915,Philip G. Atwell
1917,Jeff Schaffer
1918,Don Michael Paul
1920,James Bridges
1921,Steve Barron
1922,Bill Paxton
1923,Richard Kelly
1924,Carter Smith
1925,John Schlesinger
1928,Ringo Lam
1929,Bruce McCulloch
1938,Patricia Riggen
1940,Pascal Chaumeil
1946,Jonathan Kaplan
1947,Ole Bornedal
1948,Richard Benjamin
1951,Craig R. Baxley
1952,John Hillcoat
1953,John Guillermin
1954,Marcos Siega
1958,Rachel Talalay
1959,Jeffrey W. Byrd
1963,Atom Egoyan
1965,Robert Towne
1967,Giuseppe Tornatore
1968,Werner Herzog
1969,Ben Stassen
1972,Jérôme Deschamps
1973,Inna Evlannikova
1975,Jonathan English
1976,Sergey Bondarchuk
1977,Teddy Chan
1978,Mario Van Peebles
1981,Leonard Nimoy
1988,Herbert Ross
1992,Bonnie Hunt
1994,Neil LaBute
1995,Grant Heslov
1996,George Gallo
2000,Sidney Lumet
2003,Douglas McGrath
2005,Kevin Spacey
2007,Richard Williams
2008,Mary McGuckian
2020,Tony Goldwyn
2024,Jonathan Newman
2027,Michael Dinner
2029,Joseph Sargent
2030,Jerry Zaks
2031,Fred Durst
2035,Anne Fontaine
2036,Jon Cassar
2038,Mira Nair
2041,Mel Brooks
2042,Russell Crowe
2053,Jessie Nelson
2054,Christopher Spencer
2059,Mike Bigelow
2068,Daniel Sackheim
2070,Harry Elfont
2072,Uli Edel
2074,Fred Dekker
2075,Brian Trenchard-Smith
2076,Blake Edwards
2079,Laurence Dunmore
2081,Christian Carion
2082,David Palmer
2084,Rowan Joffe
2086,John Curran
2092,Juan José Campanella
2095,Trey Parker
2097,Stuart Gillard
2104,Katt Shea
2106,Joshua Michael Stern
2108,Tomas Alfredson
2109,John Duigan
2111,Colin Higgins
2116,Jim Sonzero
2120,Penelope Spheeris
2121,Jeff Tremaine
2122,Jeannot Szwarc
2135,Steve McQueen
2139,Thea Sharrock
2142,Jon Lucas
2143,Aaron Seltzer
2144,Robin Budd
2145,Ava DuVernay
2146,Steve Trenbirth
2148,Mennan Yapo
2149,Jun Falkenstein
2154,Tom McCarthy
2156,Takashi Shimizu
2160,Gary Nelson
2161,Anton Corbijn
2162,Gregory Nava
2166,John Patrick Shanley
2171,Joshua Logan
2174,Steve Beck
2175,Todd Strauss-Schulson
2176,John McNaughton
2177,Nelson McCormick
2180,Eric Valette
2187,Andrew Fleming
2188,Michael Spierig
2189,Jim Field Smith
2190,Thomas Bezucha
2191,William Brent Bell
2193,Anthony Bell
2195,Jessica Bendinger
2198,Henry Joost
2199,Ed Harris
2201,Alfred Hitchcock
2203,Shana Feste
2205,Steve Rash
2208,Mike Binder
2211,Michael J. Bassett
2213,Frank Nissen
2215,Stephen Chow
2216,Peter Hastings
2219,Paul Abascal
2221,Chris Koch
2222,Amy Heckerling
2223,Michael Moore
2224,George Stevens
2225,Billy Ray
2229,Mark Mylod
2230,James Mather
2234,Michael O. Sajbel
2241,Charles T. Kanganis
2246,Damon Santostefano
2253,Bob Clark
2259,Dave Borthwick
2260,Benson Lee
2263,Glen Morgan
2265,Mike Leigh
2266,Alejandro Monteverde
2272,Jonathan Glazer
2273,J.C. Chandor
2274,Paul Gross
2275,Marc Abraham
2276,Todd Haynes
2277,Mabrouk El Mechri
2279,Charlie Kaufman
2282,Nancy Walker
2284,Angelo Pizzo
2289,Matthew Diamond
2291,Katsuhiro Ôtomo
2292,David Anspaugh
2293,Andrew Jarecki
2298,Daniel Algrant
2301,Jane Clark
2303,Mike Barker
2304,Wayne Thornley
2305,Gnana Rajasekaran
2306,Tom Walsh
2307,Jonathan Jakubowicz
2309,Scott Walker
2315,Mark Rosman
2322,Rob Hawk
2326,Britt Allcroft
2329,Alan Yuen
2331,Brian Percival
2333,Anand Tucker
2334,Anthony Mann
2335,Michael Dowse
2336,Daniel Barnz
2337,Emile Ardolino
2338,Robert Altman
2339,James Schamus
2340,Andrew Douglas
2345,Ricky Gervais
2354,Vic Armstrong
2357,Terry Zwigoff
2365,Audrey Wells
2373,Rick Friedberg
2375,Sean McNamara
2377,Jody Hill
2380,Brandon Camp
2382,Kevin Tancharoen
2385,Nicholas Hytner
2387,Bart Freundlich
2392,William A. Fraker
2393,John Boorman
2395,Courtney Solomon
2398,Jeff Kanew
2399,"István Szabó"
2401,Matthew Robbins
2407,Hal Needham
2410,Jeff Nichols
2412,Jonathan Teplitzky
2413,Michael Haneke
2414,Zack Ward
2415,Mike Marvin
2418,Gregor Jordan
2419,Tran Anh Hung
2420,Lance Hool
2423,Christian Volckman
2426,Rodrigo Cortés
2429,David Hayter
2431,Cory Edwards
2432,Terry George
2433,Xavier Gens
2434,Kasi Lemmons
2435,Brian A Miller
2436,Matt Dillon
2439,George Cukor
2446,John Hoffman
2449,Kevin Greutert
2452,John Fortenberry
2457,Erik White
2458,Chris Robinson
2459,Jason Moore
2462,Robert Harmon
2463,Trent Cooper
2464,Gary Halvorson
2466,Nicholas Ray
2467,Fede Alvarez
2470,Sidney J. Furie
2471,Ian Iqbal Rashid
2472,Wayne Kramer
2473,Rowdy Herrington
2474,Jim Goddard
2476,Noel Marshall
2478,Andrea Di Stefano
2480,Guillaume Ivernel
2481,Jack Smight
2482,Todd Lincoln
2483,Howard Zieff
2484,Steven Shainberg
2488,Julian Jarrold
2489,Joe Nussbaum
2490,Vadim Perelman
2492,Peter Farrelly
2497,Michel Hazanavicius
2501,Cyrus Nowrasteh
2502,Perry Andelin Blake
2506,Christian E. Christiansen
2508,Sheldon Lettich
2510,Diane English
2512,Peter Flinth
2514,Robert Iscove
2515,Peter Kosminsky
2517,Nick Gomez
2520,Allen Coulter
2521,Clare Kilner
2524,Josef Rusnak
2525,Lance Rivera
2526,Ronald Neame
2527,Bruce Paltrow
2529,Adam Rifkin
2531,Susanne Bier
2532,Kenneth Johnson
2534,James Ivory
2536,Jessy Terrero
2537,Dany Boon
2538,Vicente Amorim
2539,Gaspar Noé
2542,Jérôme Salle
2543,Tommy Lee Jones
2544,Jesse Vaughan
2546,William Bindley
2547,Wayne Beach
2548,Gérard Krawczyk
2559,Udayan Prasad
2561,JK Youn
2563,Morten Tyldum
2567,Andrés Muschietti
2574,Gillian Armstrong
2575,James Watkins
2580,Jim Fall
2581,Ric Roman Waugh
2582,Michael Dougherty
2586,Joel Gallen
2590,James Marsh
2592,Matt Williams
2594,Rob Zombie
2596,Dennis Iliadis
2598,Rick Rosenthal
2601,Denzel Washington
2602,Nicolas Winding Refn
2603,Sara Sugarman
2605,Juan Carlos Fresnadillo
2608,Gina Prince-Bythewood
2610,Phil Traill
2611,Joe Berlinger
2614,Elizabeth Allen Rosenbaum
2618,Michael Mayer
2619,Martin Weisz
2620,John Ottman
2622,John Bonito
2623,Peter Atencio
2625,David Nutter
2626,Derek Cianfrance
2628,Stephan Elliott
2630,Mark L. Lester
2633,Tom Green
2634,Mike Nawrocki
2635,Catherine Owens
2636,Douglas Aarniokoski
2637,Bryan Barber
2638,Lone Scherfig
2639,Drew Barrymore
2640,Brian Koppelman
2641,James Foley
2642,Albert Brooks
2645,Steve Gomer
2646,RZA
2648,Mark Piznarski
2652,Craig Brewer
2655,David Raynr
2656,Mort Nathan
2658,Dan Curtis
2659,Wil Shriner
2660,Martin McDonagh
2661,Tina Gordon Chism
2662,Peter Cattaneo
2663,Vicky Jenson
2666,Mary Lambert
2668,Peter Kassovitz
2670,Rodman Flender
2672,Katja von Garnier
2674,Mark Romanek
2675,Brad Anderson
2676,Michael Chapman
2677,Antonio Banderas
2679,Khalil Sullins
2681,Fritz Lang
2684,Hsiao-Hsien Hou
2686,Andrey Zvyagintsev
2687,Tony Jaa
2690,Ryûhei Kitamura
2691,Darrell Roodt
2692,Dito Montiel
2693,Stefan Ruzowitzky
2694,Jake Paltrow
2695,Juraj Jakubisko
2696,Anthony Silverston
2697,"Gabe Ibáñez"
2698,Gerry Lively
2699,Daniele Luchetti
2700,Tung-Shing Yee
2701,Julien Temple
2703,Gregory Jacobs
2705,Gilles Paquet-Brenner
2706,Peter Cousens
2708,Lars von Trier
2712,John Blanchard
2713,John Cornell
2714,Vidhu Vinod Chopra
2722,Jamie Blanks
2725,Randal Kleiser
2736,Rick Famuyiwa
2737,Alan Cohn
2738,Franco Zeffirelli
2739,Tom Holland
2743,James Isaac
2745,Emilio Estevez
2747,Josh Schwartz
2748,Julian Schnabel
2749,Todd Field
2750,Davis Guggenheim
2753,Stephen Carpenter
2756,James Fargo
2758,Alain Resnais
2760,Chao-Bin Su
2762,Kenneth Lonergan
2763,Bo Zenga
2785,Danny Leiner
2786,Christopher Cain
2787,Theodore Melfi
2790,Ed Decter
2791,Gene Quintano
2793,Eric Bress
2795,Preston A. Whitmore II
2797,Kirk Wong
2798,Bronwen Hughes
2799,John Lafia
2800,Sam Miller
2802,Alex Garland
2804,Mark Brown
2808,Michael Polish
2809,Daisy von Scherler Mayer
2810,Lenny Abrahamson
2811,Bob Saget
2812,John Waters
2815,Craig Bolotin
2816,Mark Christopher
2817,Blair Hayes
2818,Jez Butterworth
2820,Olivier Assayas
2823,Patrice Leconte
2825,Paul Mazursky
2828,Stephen Chbosky
2829,Jon Hess
2833,Joe Cornish
2836,John H. Lee
2837,John Stainton
2843,Benedek Fliegauf
2846,Paul Schrader
2847,Stewart Hendler
2848,John Cromwell
2850,Mark Herman
2853,Abel Ferrara
2855,Ethan Maniquis
2856,George Hickenlooper
2858,Je-kyu Kang
2859,William Dear
2863,Stéphane Aubier
2869,John Badham
2871,Mike McCoy
2873,Mike Judge
2879,Tamra Davis
2880,Nima Nourizadeh
2881,Franklin J. Schaffner
2883,John Erick Dowdle
2884,David Moreau
2885,Christopher Erskin
2887,Brian Henson
2890,Dan Cutforth
2891,Josh Boone
2900,Jake Schreier
2901,Cheryl Dunye
2903,Ernest R. Dickerson
2907,Lionel C. Martin
2915,Wallace Wolodarsky
2918,Nicholas Jarecki
2919,Dean Israelite
2920,Darnell Martin
2921,Scott Alexander
2922,Stuart Gordon
2923,Christopher Guest
2928,Jane Campion
2930,Fred Schepisi
2933,Antonia Bird
2934,Jon Poll
2935,Paolo Sorrentino
2936,Peter Care
2937,Chan-wook Park
2939,Ira Sachs
2940,Carroll Ballard
2942,Takeshi Kitano
2947,Marco Kreuzpaintner
2948,Lajos Koltai
2949,Alan Rudolph
2952,Chuan Lu
2954,Lijun Sun
2955,Takashi Yamazaki
2957,Christopher Smith
2958,Timothy Hines
2961,David Winters
2963,Akira Kurosawa
2964,Jamie Thraves
2965,Mabel Cheung
2968,Dan Mazer
2975,R.J. Cutler
2977,David S. Ward
2986,Rob Pritts
2990,John Crowley
2992,Brendan Malloy
2994,Dustin Hoffman
2995,Gregory Poirier
2997,Simon Curtis
3000,Dewey Nicks
3002,Philip Saville
3007,Tim Blake Nelson
3008,William A. Graham
3009,Martin Ritt
3010,John Turturro
3011,Agnieszka Holland
3014,David Hackl
3015,Giuliano Montaldo
3016,Lisa Azuelos
3017,Ray Lawrence
3018,Karan Johar
3020,Ruairi Robinson
3021,Jaume Balagueró
3024,Jon Kasdan
3025,Léa Pool
3026,Floyd Mutrux
3027,Sajid Khan
3029,Dean Wright
3030,Eric Lartigau
3032,Shintaro Shimosawa
3033,Darren Lynn Bousman
3036,James DeMonaco
3043,Ken Annakin
3049,Carol Reed
3051,Chuck Sheetz
3056,Marcus Raboy
3057,Leigh Whannell
3058,Michael Schultz
3061,Peter Sollett
3063,Bob Dolman
3068,Greg Coolidge
3071,David Lowery
3073,"Ciarán Foy"
3074,Salim Akil
3076,Olatunde Osunsanmi
3078,Leon Ichaso
3079,Joseph Zito
3084,Patricia Rozema
3089,Rob Schmidt
3093,Robert Ben Garant
3094,Morgan Spurlock
3095,Neal Brennan
3096,Tuck Tucker
3099,Theodore Witcher
3100,Joel Edgerton
3101,Jim Hanon
3104,Michael Patrick Jann
3109,Jorma Taccone
3113,Jeff Lowell
3114,Lorene Scafaria
3117,Marcus Dunstan
3118,Timothy Björklund
3119,François Girard
3121,Scott Kalvert
3122,Jason Bateman
3123,David Schwimmer
3124,Allan Arkush
3126,Eric Bross
3128,Dan Fogelman
3129,Jay Duplass
3130,Luca Guadagnino
3131,John Putch
3132,Peter Medak
3135,Terence Davies
3136,Harley Cokeliss
3138,Tom Brady
3140,Jason Zada
3142,Noah Baumbach
3145,Eric Blakeney
3148,Rakesh Roshan
3151,Derrick Borte
3152,Richard Kwietniowski
3153,Bob Odenkirk
3157,Joshua Seftel
3159,Vincent Gallo
3160,Claude Chabrol
3161,Jon Stewart
3162,Bigas Luna
3163,Ralph Fiennes
3164,Dan Harris
3165,Mel Smith
3166,Bobcat Goldthwait
3169,Jake Scott
3170,Alan Metter
3172,Rafa Lara
3174,Arthur Hiller
3175,Michael Meredith
3176,Julio DePietro
3177,Katherine Dieckmann
3179,Kim Farrant
3181,Scott Marshall
3182,Álex de la Iglesia
3183,Andrew Traucki
3184,Michael Clancy
3186,Robert Adetuyi
3187,Kari Skogland
3188,Taedong Park
3190,Benedikt Erlingsson
3191,Gurinder Chadha
3192,Jason Connery
3193,Vic Sarin
3194,Jim Issa
3197,William Phillips
3199,Andy Garcia
3201,Sarik Andreasyan
3203,Julian Gilbey
3205,Gary Sherman
3206,Valeri Milev
3207,Stanley Kramer
3208,Pedro Almodóvar
3209,Gerald Potterton
3213,Anurag Basu
3215,Kriv Stenders
3216,Yash Chopra
3219,Floria Sigismondi
3223,Ferzan Ozpetek
3229,Kris Isacsson
3232,Ben Younger
3235,Daniel Taplitz
3237,Tamara Jenkins
3238,Linda Mendoza
3241,Hart Bochner
3243,Stewart Raffill
3248,Hong-jin Na
3250,Chatrichalerm Yukol
3251,Dario Argento
3252,Eric Lavaine
3254,Marc Forby
3257,Ole Christian Madsen
3258,Meiert Avis
3260,André Téchiné
3261,Emily Young
3262,Peter Faiman
3263,Martyn Pick
3264,Roland Suso Richter
3265,Jeremy Sims
3266,Maïwenn
3267,Joby Harold
3268,Ekachai Uekrongtham
3271,Mark Rydell
3272,David E. Talbert
3273,Roger Vadim
3274,Nils Gaup
3277,Ari Sandel
3278,Vondie Curtis-Hall
3279,Tom Elkins
3280,Woo-Suk Kang
3285,John Sayles
3286,Vipul Amrutlal Shah
3287,Ken Loach
3288,Ayan Mukerji
3290,Mervyn LeRoy
3292,Serdar Akar
3294,James Frawley
3295,Dan Gilroy
3299,Jonathan Dayton
3302,Chris Stokes
3303,Don Siegel
3305,Martin Lawrence
3307,Masayuki Ochiai
3309,Tom Gormican
3310,Ken Shapiro
3311,Justin Tipping
3313,Peter R. Hunt
3316,Doug Atchison
3318,Jonas Elmer
3320,Mary Harron
3322,Erik Canuel
3323,Troy Duffy
3325,Nicole Holofcener
3327,Matty Rich
3332,Fina Torres
3334,Duke Johnson
3336,François Ozon
3339,Anna Boden
3342,Steve James
3343,Michael Winner
3344,Tomm Moore
3345,John Carney
3346,David Jacobson
3347,Michael Corrente
3348,Edward Hall
3349,Keith Gordon
3351,Andrew Currie
3352,Andrew Wilson
3354,Marc Schölermann
3355,Robert Moresco
3356,Thomas Vinterberg
3357,Claudia Llosa
3360,Charles Binamé
3361,Keith Parmer
3363,Ol Parker
3366,James Nunn
3367,David Webb Peoples
3368,Michael Winnick
3371,Stanley Tong
3372,David Oelhoffen
3374,Eli Roth
3377,Tony Richardson
3380,Charles Robert Carner
3381,Russell Holt
3384,Claude Miller
3386,Sacha Bennett
3388,Rodrigo García
3389,Jeta Amata
3390,Siddharth Anand
3391,Vincent Paronnaud
3393,Dennis Gansel
3395,Daniel Barber
3397,Robert Marcarelli
3399,Ernie Barbarash
3400,Guy Hamilton
3409,Adam Brooks
3416,Michael Anderson
3420,Don Kempf
3421,Matt Bettinelli-Olpin
3428,Sharron Miller
3430,Aaron Schneider
3433,Tom Ford
3439,Tony Maylam
3440,Mitch Davis
3444,Kevin Brodie
3447,Lynne Ramsay
3448,John Stephenson
3449,Tim Chambers
3452,Dick Richards
3455,Bob Gosse
3456,Alex Zamm
3457,Spencer Susser
3460,Thaddeus O'Sullivan
3462,Shari Springer Berman
3463,Aleksey German
3464,Stephen Milburn Anderson
3465,Richard E. Grant
3467,David Lam
3469,Vladlen Barbe
3470,Richard Rich
3472,Robert C. Cooper
3475,Kim Nguyen
3476,Jackie Earle Haley
3477,Max Färberböck
3478,Arie Posin
3479,Damian Nieman
3480,Mark Tonderai
3483,Ian Fitzgibbon
3486,Rachel Perkins
3488,Luis Valdez
3489,Alan Alda
3495,Louis Morneau
3496,Caroline Link
3499,Sterling Van Wagenen
3500,Zal Batmanglij
3502,Hans Petter Moland
3503,Oren Moverman
3504,Ian Sharp
3507,Wolfgang Becker
3509,Dan O'Bannon
3514,George Roy Hill
3515,Robert Stevenson
3518,Jerome Robbins
3520,Gary Hardwick
3526,King Vidor
3530,Fred Savage
3531,Sammo Kam-Bo Hung
3535,Rusty Cundieff
3537,Dominique Othenin-Girard
3539,Jean-Jacques Mantello
3541,Risa Bramon Garcia
3542,Brian Klugman
3543,Matt Piedmont
3544,Raymond De Felitta
3545,John Michael McDonagh
3546,Deb Hagan
3549,Zach Cregger
3550,Zach Braff
3551,Mark Tarlov
3552,John Cameron Mitchell
3554,Jon Knautz
3556,David Atkins
3557,Patrick Stettner
3558,Sam Peckinpah
3560,Michael Crichton
3562,Sylvio Tabet
3563,Rick Bieber
3567,Joey Lauren Adams
3569,Fred Zinnemann
3570,S.R. Bindler
3572,Greg Marcks
3573,Perry Lang
3574,Jake Goldberger
3577,William Kaufman
3579,Cédric Klapisch
3580,Kate Barker-Froyland
3582,Martin Koolhoven
3583,Charles Matthau
3585,Christopher M. Bessette
3586,Prachya Pinkaew
3587,Gary Sinyor
3591,Ashish R. Mohan
3596,Darren Grant
3598,Joseph Gordon-Levitt
3602,William Sachs
3603,Christophe Barratier
3604,Émile Gaudreault
3605,James Cox
3607,James Toback
3608,Aki Kaurismäki
3610,Hitoshi Matsumoto
3611,Rakeysh Omprakash Mehra
3612,Collin Schiffli
3613,George Ratliff
3615,Shane Meadows
3617,Jon Wright
3618,Michael McGowan
3619,Liv Ullmann
3621,Rohan Sippy
3624,Dan Trachtenberg
3626,David F. Sandberg
3628,Stiles White
3631,Eugenio Derbez
3633,Henry Koster
3636,Patty Jenkins
3638,Christopher Landon
3641,David Gelb
3643,Mike Flanagan
3646,Nat Faxon
3647,George Jackson
3649,Maurice Joyce
3650,Robert Duvall
3651,Frank Perry
3652,Jesse Peretz
3654,Ice Cube
3659,Richard Glatzer
3660,Michael Curtiz
3661,Bruce Malmuth
3662,Rob Hedden
3664,Harmony Korine
3665,Joe Chappelle
3668,Mickey Liddell
3671,Fred Walton
3673,Steve Carver
3674,Gonzalo López-Gallego
3675,Christine Jeffs
3677,Don Coscarelli
3679,Michael Tiddes
3680,Bill Duke
3681,Frank Borzage
3683,Mamoru Hosoda
3684,Brian Dannelly
3685,Denys Arcand
3687,J.S. Cardone
3689,Jay Levey
3690,Nicholaus Goossen
3696,Ronan Chapalain
3698,Xavier Beauvois
3699,Randall Miller
3700,Jerry Belson
3703,Dan Rush
3707,Michael Cuesta
3709,Fenton Bailey
3710,Jeremy Saulnier
3711,Billy Kent
3712,James Manera
3715,Feroz Abbas Khan
3716,Errol Morris
3717,Dennis Hopper
3718,Eli Craig
3719,Nicholas Fackler
3720,Richard Wallace
3721,Morgan J. Freeman
3722,Matthew Hastings
3725,Klaus Menzel
3726,Oren Peli
3728,Paul Andrew Williams
3731,Jim Amatulli
3732,William H. Macy
3733,Barrett Esposito
3737,Vicky Jewson
3739,Marc Bennett
3740,Mike Mayhall
3742,Stanton Barrett
3743,Jirí Menzel
3744,Fatih Akin
3746,Nick Murphy
3750,Frank LaLoggia
3751,Jeremy Brock
3752,Scott Foley
3756,Christophe Ali
3757,Gabriela Tagliavini
3758,Shekar
3759,Shona Auerbach
3760,Leonard Farlinger
3761,Michel Leclerc
3762,Analeine Cal y Mayor
3763,Tom Kalin
3764,Robert Sarkies
3769,John Huston
3773,Walter Lang
3774,Carlos Saura
3776,Andrew Erwin
3778,Beto Gómez
3779,Mike van Diem
3780,Jonas Åkerlund
3781,Todd Solondz
3783,René Féret
3784,Barry Skolnick
3785,Johnnie To
3786,Mateo Gil
3787,Lukas Moodysson
3788,Agnieszka Wojtowicz-Vosloo
3789,Kabir Sadanand
3791,Peter DeLuise
3793,Raja Menon
3795,Nick Love
3799,R. Balki
3800,Ivan Engler
3811,Cecil B. DeMille
3814,Henry Hobson
3815,Mike Figgis
3816,Duane Journey
3818,Billy Wilder
3821,Lisa Cholodenko
3823,John Sturges
3824,William Arntz
3825,Ed Gass-Donnelly
3829,DJ Pooh
3834,James Melkonian
3838,Roger Avary
3841,Allison Anders
3843,Rick de Oliveira
3846,Jeff Franklin
3848,Mike Mills
3850,Dave McKean
3851,Ron Fricke
3852,Ruggero Deodato
3853,Gavin Wiesen
3854,Mora Stephens
3855,Mars Callahan
3857,Leos Carax
3859,Stefan Schwartz
3861,Robert Lee King
3863,"Jorge Ramírez Suárez"
3868,Dan Ireland
3869,Fernando León de Aranoa
3870,Jim Mickle
3872,Karim Aïnouz
3873,Sam Levinson
3876,Aleksandr Veledinskiy
3877,Peter H. Hunt
3878,Ruba Nadda
3879,Howard Hughes
3880,Edward Burns
3882,Sean Byrne
3884,Mark Griffiths
3885,Bruce Macdonald
3889,Victor Fleming
3890,Richard Raymond
3892,Alan Jacobs
3893,George Sidney
3894,Christopher Morris
3895,Andrucha Waddington
3896,Peter Stebbings
3897,Vincente Minnelli
3898,"Dagur Kári"
3903,Jim Abrahams
3904,Kevin Carraway
3907,Michael Gornick
3909,Richard Brooks
3913,Robert Eggers
3914,Michael Martin
3919,Gideon Raff
3921,Louis C.K.
3922,Anthony C. Ferrante
3923,Salvador Carrasco
3924,André Øvredal
3925,Robert Cary
3927,Adam Rapp
3929,Warren P. Sonoda
3930,Amanda Gusack
3931,Avi Nesher
3932,Charles Adelman
3933,Jay Oliva
3934,Charles Ferguson
3936,Mark Young
3937,Daniel Petrie Jr.
3938,Antonio Simoncini
3940,Luc Jacquet
3942,Eldar Rapaport
3943,Clark Gregg
3944,Damien Chazelle
3946,Justin Kerrigan
3947,Nathan Frankowski
3948,Karen Moncrieff
3953,Jennifer Finnigan
3954,Eric Styles
3955,Laurent Cantet
3957,John Ford
3958,Max Mayer
3959,Joshua Marston
3961,John Gulager
3964,Brandon Cronenberg
3965,Frank Capra
3968,Tod Williams
3972,Jack Sholder
3978,Ted Post
3980,Kunihiko Yuyama
3981,Tom McLoughlin
3986,Adam Marcus
3989,John Maclean
3991,Benny Boom
3995,Howard Hawks
3996,Nnegest Likké
3998,Christopher Leitch
4001,Patricia Cardoso
4003,Damien O'Donnell
4004,Peter M. Cohen
4007,Mel Stuart
4008,Anthony Hickox
4009,Tom Schulman
4011,Jill Sprecher
4012,Darren Stein
4020,David Nixon
4021,Jason Eisener
4022,Enrique Begne
4023,Matthew Bright
4024,Michael Landon Jr.
4025,Andrea Arnold
4026,Whit Stillman
4027,Leslye Headland
4028,Bobby Roth
4029,Tim Heidecker
4032,Kate Connor
4033,Deon Taylor
4034,Jason Alexander
4036,Conor McPherson
4037,Will Canon
4038,Philip Zlotorynski
4040,Lance Kawas
4041,Francesca Gregorini
4042,Marcio Garcia
4044,Craig Moss
4045,Michael Jai White
4047,Paolo Monico
4048,Youssef Delara
4049,Darin Scott
4050,Christian Sesma
4051,Monte Hellman
4053,Brian Caunter
4054,Chris D'Arienzo
4057,Isaac Florentine
4058,Susan Seidelman
4060,Heidi Ewing
4063,Leon Ford
4064,Hank Braxtan
4067,John Carl Buechler
4071,Rajkumar Hirani
4072,Victor Nunez
4074,Rohit Jugraj
4075,Thorbjørn Christoffersen
4077,Alex van Warmerdam
4081,Pawel Pawlikowski
4083,Frank Sebastiano
4085,Stacy Peralta
4086,Nacho Vigalondo
4087,Hao Ning
4088,Tony Giglio
4089,Stanley Donen
4090,Joe Cross
4092,Dinesh D'Souza
4095,Tommy Lee Wallace
4096,Don Taylor
4098,Leslie Small
4102,Éric Tessier
4103,Alison Maclean
4104,Alice Wu
4105,Sarah Gavron
4107,Isabel Coixet
4108,James Ponsoldt
4111,Joshua Tickell
4112,Tim Boxell
4114,Michael D. Sellers
4115,Reed Cowan
4116,James Dodson
4118,Alex Rivera
4120,John Murlowski
4121,Benni Diez
4122,Danny Perez
4124,Robby Henson
4126,Zackary Adler
4128,Dominic Burns
4130,Carmen Marron
4134,Jason Stone
4135,Jerry Rees
4138,Jaco Booyens
4140,Danny Steinmann
4142,Jon Gunn
4143,Hayley Cloake
4144,Tay Garnett
4145,Shyam Madiraju
4146,Harmage Singh Kalirai
4147,Rita Merson
4149,William Wyler
4150,Larry Clark
4151,Petter Næss
4152,Robert Fontaine
4155,Dan Perri
4156,Neil Mcenery-West
4157,Anthony O'Brien
4159,Michael Herz
4161,David Robert Mitchell
4163,Robert Mulligan
4165,Chia-Liang Liu
4168,Chris Kentis
4170,Alex Kendrick
4171,Robert Rossen
4172,Jack Conway
4173,Sylvain Chomet
4174,Chris Eyre
4179,Elia Kazan
4180,Debra Granik
4182,Henry King
4183,Miranda July
4185,Max Joseph
4186,Jim Jarmusch
4190,Kevin Tenney
4193,Ari Folman
4194,Gary Rogers
4196,Marielle Heller
4197,David Sington
4198,Kelly Reichardt
4200,Bob Giraldi
4202,Huck Botko
4204,David Duchovny
4205,Mitchell Lichtenstein
4206,Lance Mungia
4207,Kundan Shah
4209,Hue Rhodes
4212,Jugal Hansraj
4213,Danny Provenzano
4214,Bill Muir
4216,Noah Buschel
4217,Brian Yuzna
4218,Hunter Richards
4219,Laurie Collyer
4221,Aaron Hann
4224,Phil Claydon
4225,Ralph Ziman
4226,John Simpson
4227,Colin Minihan
4228,Conor McMahon
4229,Chris Shadley
4230,Simon Napier-Bell
4232,Simon Yin
4233,Jeff Crook
4234,Orson Welles
4235,Dave Payne
4238,Brad Copeland
4239,Paul Bunnell
4240,Phil Morrison
4241,Harald Reinl
4245,Tanner Beard
4246,Scott Dow
4247,Derick Martini
4248,Jerry Dugan
4249,Tim Hunter
4253,Richard Ayoade
4254,Jehane Noujaim
4255,Pascal Arnold
4257,Remo
4260,John Laing
4261,Jamal Hill
4262,Daniel Stamm
4266,Carlos Carrera
4267,Benh Zeitlin
4268,J. Lee Thompson
4269,Maggie Greenwald
4270,Vera Farmiga
4271,Vijay Chandar
4273,Jonathan Wacks
4274,Khyentse Norbu
4277,Tony Krantz
4278,Mitchell Altieri
4279,W.D. Hogan
4280,Corey Grant
4282,Lucky McKee
4283,Richard Boddington
4284,David Hunt
4288,Steven R. Monroe
4289,Mark Illsley
4291,Ritesh Batra
4292,Sally Potter
4296,Brad J. Silverman
4297,Dave Meyers
4298,David M. Matthews
4299,Nadine Labaki
4300,Lluís Quílez
4301,Eytan Fox
4303,Romesh Sharma
4304,François Truffaut
4305,Adam Goldberg
4306,Travis Zariwny
4308,Adrienne Shelly
4309,Newt Arnold
4320,Alex Cox
4321,"Fabián Bielinsky"
4322,Dror Moreh
4323,Rebecca Miller
4324,Maggie Carey
4326,Henry Bean
4328,Simeon Rice
4330,Jeff Garlin
4331,Qasim Basir
4332,Adam Green
4333,Charles Chaplin
4334,Pete Jones
4335,Bruce Campbell
4337,Adam Carolla
4340,Bruce McDonald
4341,James Mottern
4342,Jaime Zevallos
4344,Gerard Johnstone
4345,Robert Greenwald
4346,David Ray
4347,Dave Rodriguez
4348,Nae Caranfil
4349,David Winning
4350,Frank Lotito
4351,Timothy Woodward Jr.
4353,Tara Subkoff
4354,Russell Friedenberg
4355,William Cottrell
4356,Lucrecia Martel
4357,Edward Dmytryk
4358,Zak Penn
4359,Alex Ranarivelo
4361,Mathieu Amalric
4362,David Worth
4363,Leslie H. Martinson
4365,Robert M. Young
4367,Steve Buscemi
4368,Ham Tran
4369,Rich Cowan
4370,Boris Rodriguez
4372,Sadyk Sher-Niyaz
4373,Paul Donovan
4374,Jonathan Kesselman
4375,Arjun Sablok
4377,Tyler Oliver
4381,Douglas Cheek
4383,Deryck Broom
4384,Henry Hathaway
4390,Giovanni Zelko
4391,Claudia Sainte-Luce
4397,Jamie Babbit
4398,David Boyd
4402,Anna Muylaert
4403,Steve Taylor
4404,Kurt Voss
4406,James David Pasternak
4407,Laurent Bouhnik
4408,Tom Sanchez
4409,David Caffrey
4410,Adam Jay Epstein
4412,Justin Thomas Ostensen
4413,Brenton Spencer
4415,Ossie Davis
4416,Jay Alaimo
4417,Dylan Bank
4418,Rob McKittrick
4420,Jeff Burr
4421,Harry Gantz
4422,Guy Maddin
4423,Regardt van den Bergh
4424,Panos Cosmatos
4425,Gareth Evans
4426,Matthew R. Anderson
4427,Joe Marino
4429,Joel Anderson
4430,Shimit Amin
4431,Douglas Trumbull
4433,Mona Fastvold
4436,Levan Gabriadze
4440,Bradley Parker
4441,Clive Barker
4442,Harold Cronk
4444,Takao Okawara
4446,Duncan Tucker
4448,Russ Meyer
4449,Robert D. Webb
4451,Allan Dwan
4454,Andrew Steggall
4455,Ben Lewin
4456,Robert Kenner
4460,Craig Johnson
4461,Sean Durkin
4462,Gillian Robespierre
4463,Courtney Hunt
4464,Morgan Neville
4468,Chris Paine
4469,Greg Berlanti
4472,Marc Levin
4473,Richard Dutcher
4474,Khalid Mohamed
4478,Finn Taylor
4480,José Luis Valenzuela
4481,Gia Coppola
4482,Scandar Copti
4483,Goran Dukic
4484,Mike Cahill
4485,Efram Potelle
4487,Joshua Oppenheimer
4488,Alex Gibney
4489,Paul Crowder
4490,Rohit Jagessar
4492,Anthony Powell
4493,Kief Davidson
4494,Johnny Remo
4495,Vivek Agnihotri
4496,Ti West
4497,Nick Tomnay
4499,Nickolas Perry
4500,Dan Zukovic
4502,Becky Smith
4503,Eric Nicholas
4504,Benjamin Dickinson
4505,Hal Haberman
4507,A. Raven Cruz
4509,Frank Whaley
4510,Amat Escalante
4511,Wajahat Rauf
4512,Katherine Brooks
4513,David Cross
4514,Randall Rubin
4515,Robert Bennett
4517,Mary Pat Kelly
4518,Lori Petty
4519,Charlie Levi
4520,Kevin Hamedani
4521,David DeCoteau
4522,Mikel Rueda
4523,Stefan C. Schaefer
4524,Michael Taliferro
4526,Katie Aselton
4527,Robert Heath
4528,D. Stevens
4529,Jeffrey St. Jules
4530,Robert Hall
4531,K. King
4532,Jonathan Meyers
4534,Ralph Nelson
4535,Blair Erickson
4536,Allison Burnett
4537,Richard Schenkman
4538,Sanjay Rawal
4540,Kat Coiro
4541,Cristian Mungiu
4542,Brian Dorton
4545,Maryam Keshavarz
4547,Ramaa Mosley
4551,C. Jay Cox
4552,Mariette Monpierre
4553,Tommy Oliver
4554,Jamie Travis
4556,Rich Christiano
4559,Natalie Bible'
4560,Asghar Farhadi
4561,Justin Molotnikov
4565,Georg Wilhelm Pabst
4566,Daniel Davila
4567,Jorge Gaggero
4569,Michael Burke
4570,Catherine Jelski
4571,Shane Dawson
4573,Ryan Little
4574,Clark Baker
4577,Matt Maiellaro
4580,Ben Wheatley
4585,Oliver Blackburn
4587,Christopher Hutson
4590,David LaChapelle
4593,Caryn Waechter
4594,Emily Dell
4597,Ryan Fleck
4598,Jennifer Wynne Farmer
4599,Christopher Scott Cherot
4600,H.M. Coakley
4601,Randy Moore
4602,Chris Atkins
4603,Bill Benenson
4604,Ryan Smith
4605,Travis Romero
4606,Anna Mastro
4607,Mark Sandrich
4608,Daniel Myrick
4609,Michael Wadleigh
4612,Gene Teigland
4613,Scott Ziehl
4614,Richard Montoya
4615,Johanna Schwartz
4616,William Gazecki
4617,Lance McDaniel
4618,Thomas Lilti
4619,Michael Walker
4621,U. Roberto Romano
4622,Amy Holden Jones
4623,Blaz Zavrsnik
4625,Pan Nalin
4626,Joe Camp
4628,Matt Walsh
4629,John 'Bud' Cardos
4630,Marilyn Agrelo
4632,Brian Baugh
4633,Patrick Creadon
4634,Barry W. Blaustein
4635,Kurt Hale
4636,Siddiq Barmak
4637,Joseph Dorman
4638,Greg Harrison
4641,Jacob Aaron Estes
4643,Eric Schaeffer
4644,Neema Barnette
4646,Joe Swanberg
4647,Molly Bernstein
4649,Marius A. Markevicius
4650,Tom DiCillo
4652,Quentin Dupieux
4655,Alex Smith
4656,Gareth Edwards
4657,Jonathan Parker
4658,Sol Tryon
4659,Alex Craig Mann
4661,Stephen Kijak
4664,Daston Kalili
4667,Michael Hoffman Jr.
4668,Patrick Gilles
4669,Georgia Hilton
4671,Jack Heller
4672,Fernando Baez Mella
4673,Warren Sheppard
4675,Justin Paul Miller
4676,Joel Paul Reisig
4677,Catherine Gund
4678,Luke Dye
4683,Alec Asten
4684,Hans Canosa
4685,Lloyd Kaufman
4686,Matthew Watts
4687,Lloyd Bacon
4688,Joe Kenemore
4690,Kay Pollak
4691,Eric England
4698,Sue Corcoran
4699,Jonathan Caouette
4700,Ray Griggs
4701,Matt Jackson
4702,Lucio Fulci
4704,Paul Fox
4706,Ari Kirschenbaum
4707,Cassandra Nicolaou
4708,Ingmar Bergman
4709,D.W. Griffith
4710,Roger Nygard
4711,Harry Beaumont
4713,Franck Khalfoun
4714,Mor Loushy
4715,Henry Alex Rubin
4716,Sam Firstenberg
4717,Doug Block
4718,Chad Kapper
4721,Paul Fierlinger
4723,Yorgos Lanthimos
4724,Lauren Lazin
4726,Gregory Widen
4729,Niall Johnson
4732,Eric Mendelsohn
4733,Jean-Luc Godard
4734,Florence Ayisi
4736,Michael Roemer
4738,Eddie O'Flaherty
4739,Babar Ahmed
4741,John D. Hancock
4742,Paul Bartel
4743,Bruce Dellis
4744,Pece Dingo
4745,Jerome Elston Scott
4746,Étienne Faure
4747,Herb Freed
4748,Jack Perez
4749,Craig Zobel
4752,Ken Del Conte
4754,Maria Maggenti
4756,Piyush Dinker Pandya
4757,Daniel Columbie
4759,Emma-Kate Croghan
4760,Bill Plympton
4762,Drake Doremus
4763,Al Franklin
4765,Michael Kang
4767,Lori Silverbush
4769,Stuart Hazeldine
4770,Hilary Brougher
4771,Rachel Goldenberg
4772,Corbin Bernsen
4773,Jamin Winans
4774,Tom Seidman
4775,Jason Naumann
4776,Matt Cimber
4777,Sam Martin
4778,Andrew Hyatt
4781,Kristin Rizzo
4783,Ward Roberts
4784,Zoran Lisinac
4786,James O'Brien
4787,Tom Putnam
4788,Jon Shear
4789,Al Silliman Jr.
4790,Eugène Lourié
4795,Lowell Sherman
4796,Maurizio Benazzo
4797,David G. Evans
4800,Sherman Alexie
4801,Justin Dillon
4803,Stevan Mena
4807,Livingston Oden
4808,Chris Marker
4809,Carl Theodor Dreyer
4810,Marianna Palka
4812,Ricki Stern
4813,Nadia Tass
4814,James Kerwin
4815,C. Fraser Press
4816,Rania Attieh
4817,Sharon Greytak
4818,Majid Majidi
4819,Andrew Haigh
4821,Cary Bell
4822,Nicolae Constantin Tanase
4825,Melvin Van Peebles
4826,Ken Roht
4829,Robinson Devor
4830,Michel Orion Scott
4831,Pat Holden
4832,Eric Bugbee
4834,Bill Melendez
4835,Dena Seidel
4836,Deborah Anderson
4837,Sara Newens
4840,Sai Varadan
4842,Amal Al-Agroobi
4843,Andrew Berends
4844,Lynn Shelton
4845,Valentine
4846,David Hewlett
4850,Nate Parker
4851,Nathan Smith Jones
4853,Travis Cluff
4855,Harry F. Millarde
4856,Robert Townsend
4858,Jamaa Fanaka
4859,Larry Blamire
4860,Stephen Langford
4861,E.L. Katz
4862,Lisanne Pajot
4863,Dan Reed
4864,John Reinhardt
4865,Patrick Ryan Sims
4866,Laslo Benedek
4867,Jason Miller
4869,Sut Jhally
4871,Julie Davis
4872,Myles Berkowitz
4873,Brett Piper
4875,Brandon Trost
4877,Joseph Green
4878,Wade Gasque
4879,Daniel Schechter
4882,Matt Johnson
4883,Bruno Barreto
4884,Lena Dunham
4885,Terron R. Parsons
4886,Daniel Mellitz
4887,Jem Cohen
4888,Andrew Leman
4889,Dave Carroll
4890,William Eubank
4891,Patrick Meaney
4892,Chad Hartigan
4893,Malcolm Goodwin
4895,Kevin Jordan
4896,Kirk Loudon
4897,Travis Legge
4899,Collin Joseph Neal
4900,Bradley Rust Gray
4901,Mike Bruce
4902,Andrew Bujalski
4903,Damir Catic
4906,James Bidgood
4910,Eric Eason
4913,Joseph Mazzella
4916,Marcus Nispel
4917,Brandon Landers
4919,Jim Chuchu
4920,Daryl Wein
4921,Jason Trost
4924,Jafar Panahi
4925,Ivan Kavanagh
4926,Kiyoshi Kurosawa
4927,Tadeo Garcia
4928,Thomas L. Phillips
4929,Ash Baron-Cohen
4930,Shane Carruth
4931,Neill Dela Llana
4933,Anthony Vallone
4935,Scott Smith
4936,Benjamin Roberds
4937,Daniel Hsia
